feature	k__Fungi..p__Basidiomycota..c__Geminibasidiomycetes..o__Geminibasidiales..f__Geminibasidiaceae..g__Geminibasidium..s__Geminibasidium_sp	k__Fungi..p__Basidiomycota..c__Microbotryomycetes..o__Microbotryales..f__unidentified..g__unidentified..s__Microbotryales_sp	k__Fungi..p__Ascomycota..c__Pezizomycetes..o__Pezizales..f__Pyronemataceae..g__Wilcoxina..s__Wilcoxina_rehmii	k__Fungi..p__Mortierellomycota..c__Mortierellomycetes..o__Mortierellales..f__Mortierellaceae..g__Linnemannia..s__Linnemannia_amoeboidea	k__Fungi..p__Basidiomycota..c__Agaricomycetes..o__Agaricales..f__Cortinariaceae..g__Cortinarius..s__Cortinarius_ahsii	k__Fungi..p__Basidiomycota..c__Geminibasidiomycetes..o__Geminibasidiales..f__Geminibasidiaceae..g__Geminibasidium..s__Geminibasidium_sp.1	k__Fungi..p__Basidiomycota..c__Geminibasidiomycetes..o__Geminibasidiales..f__Geminibasidiaceae..g__Geminibasidium..s__Geminibasidium_sp.2	k__Fungi..p__Basidiomycota..c__Microbotryomycetes..o__Microbotryales..f__unidentified..g__unidentified..s__Microbotryales_sp.1	k__Fungi..p__Basidiomycota..c__Geminibasidiomycetes..o__Geminibasidiales..f__Geminibasidiaceae..g__Geminibasidium..s__Geminibasidium_sp.3	k__Fungi..p__Basidiomycota..c__Agaricomycetes..o__Agaricales..f__Inocybaceae..g__Inocybe..s__Inocybe_rufoalba	k__Fungi..p__Basidiomycota..c__Geminibasidiomycetes..o__Geminibasidiales..f__Geminibasidiaceae..g__Geminibasidium..s__Geminibasidium_sp.4	k__Fungi..p__Mortierellomycota..c__Mortierellomycetes..o__Mortierellales..f__Mortierellaceae....	k__Fungi..p__Basidiomycota..c__Agaricomycetes..o__Atheliales..f__Pilodermataceae..g__Piloderma..s__Piloderma_sp	k__Fungi..p__Basidiomycota..c__Agaricomycetes..o__Agaricales..f__Tricholomataceae..g__Tricholoma..s__Tricholoma_saponaceum	k__Fungi..p__Basidiomycota..c__Agaricomycetes..o__Atheliales..f__Pilodermataceae..g__Piloderma..s__Piloderma_olivaceum	k__Fungi............	k__Fungi..p__Basidiomycota..c__Agaricomycetes..o__Agaricales..f__Cortinariaceae..g__Cortinarius..s__Cortinarius_mucosus	k__Fungi..p__Basidiomycota..c__Agaricomycetes..o__Atheliales..f__Pilodermataceae..g__Piloderma..	k__Fungi..p__Basidiomycota..c__Agaricomycetes..o__Thelephorales..f__Thelephoraceae..g__Pseudotomentella..s__Pseudotomentella_nigra	k__Fungi.............1	k__Fungi..p__Ascomycota..c__Leotiomycetes..o__Helotiales..f__Mollisiaceae..g__Phialocephala..	k__Fungi..p__Basidiomycota..c__Agaricomycetes..o__Thelephorales..f__Thelephoraceae..g__Polyozellus..s__Polyozellus_sciastrus	k__Fungi..p__Basidiomycota..c__Agaricomycetes..o__Atheliales..f__Pilodermataceae..g__Piloderma..s__Piloderma_sp.1	k__Fungi..p__Ascomycota..c__Eurotiomycetes..o__Chaetothyriales..f__Herpotrichiellaceae..g__Cladophialophora..	k__Fungi..p__Basidiomycota..c__Agaricomycetes..o__Agaricales..f__Tricholomataceae..g__Tricholoma..s__Tricholoma_triste	k__Fungi..p__Basidiomycota..c__Agaricomycetes..o__Thelephorales..f__Thelephoraceae..g__Polyozellus..s__Polyozellus_sciastrus.1	k__Fungi..p__Ascomycota..c__Dothideomycetes..o__Mytilinidiales..f__Mytilinidiaceae..g__Mytilinidion..s__Mytilinidion_sp	k__Fungi..p__Basidiomycota..c__Agaricomycetes..o__Agaricales..f__Inocybaceae..g__Inocybe..s__Inocybe_rufoalba.1	k__Fungi..p__Basidiomycota..c__Agaricomycetes..o__Atheliales..f__Pilodermataceae..g__Piloderma...1	k__Fungi..p__Ascomycota..c__Eurotiomycetes..o__Chaetothyriales..f__Herpotrichiellaceae....	k__Fungi..p__Basidiomycota..c__Agaricomycetes..o__Atheliales..f__Pilodermataceae..g__Piloderma..s__Piloderma_sp.2	k__Fungi..p__Basidiomycota..c__Agaricomycetes..o__Thelephorales..f__Thelephoraceae..g__Polyozellus..s__Polyozellus_sciastrus.2	k__Fungi..p__Ascomycota..c__Leotiomycetes..o__Helotiales..f__Mollisiaceae..g__Phialocephala..s__Phialocephala_helvetica	k__Fungi..p__Basidiomycota..c__Microbotryomycetes........	k__Fungi..p__Basidiomycota..c__Agaricomycetes..o__Agaricales..f__Inocybaceae..g__Inocybe..	k__Fungi..p__Ascomycota..c__Dothideomycetes..o__Mytilinidiales..f__Mytilinidiaceae..g__Mytilinidion..s__Mytilinidion_sp.1	k__Fungi..p__Basidiomycota..c__Agaricomycetes..o__Thelephorales..f__Thelephoraceae....	k__Fungi..p__Basidiomycota..c__Agaricomycetes........	k__Fungi..p__Ascomycota..c__Eurotiomycetes..o__Chaetothyriales......	k__Fungi..p__Basidiomycota..c__Agaricomycetes..o__Agaricales..f__Clavariaceae....	k__Fungi..p__Basidiomycota..c__Agaricomycetes..o__Agaricales..f__Tricholomataceae..g__Tricholoma..s__Tricholoma_triste.1	k__Fungi..p__Ascomycota..c__Pezizomycetes..o__Pezizales..f__Pyronemataceae..g__Wilcoxina..s__Wilcoxina_rehmii.1	k__Fungi..p__Ascomycota..c__Leotiomycetes..o__Helotiales..f__Helotiaceae..g__Meliniomyces..s__Meliniomyces_sp	k__Fungi..p__Ascomycota..c__Dothideomycetes..o__Mytilinidiales..f__Mytilinidiaceae..g__Mytilinidion..s__Mytilinidion_sp.2	k__Fungi..p__Basidiomycota..c__Agaricomycetes..o__Atheliales..f__Pilodermataceae..g__Piloderma..s__Piloderma_lanatum	k__Fungi..p__Ascomycota..c__Pezizomycetes..o__Pezizales..f__Pyronemataceae..g__Wilcoxina..s__Wilcoxina_sp	k__Fungi..p__Basidiomycota..c__Agaricomycetes..o__Agaricales..f__Tricholomataceae..g__Clitocybe..s__Clitocybe_subditopoda	k__Fungi..p__Ascomycota..c__Dothideomycetes..o__Mytilinidiales..f__Mytilinidiaceae..g__Mytilinidion..s__Mytilinidion_sp.3	k__Fungi..p__Ascomycota..c__Leotiomycetes..o__Helotiales..f__Helotiaceae..g__Meliniomyces..s__Meliniomyces_sp.1	k__Fungi..p__Ascomycota..c__Eurotiomycetes..o__Chaetothyriales..f__Herpotrichiellaceae..g__Cladophialophora...1	k__Fungi..p__Basidiomycota..c__Agaricomycetes..o__Thelephorales..f__Thelephoraceae.....1	k__Fungi..p__Basidiomycota..c__Agaricomycetes.........1	k__Fungi..p__Basidiomycota..c__Agaricomycetes..o__Agaricales..f__Entolomataceae..g__Clitopilopsis..s__Clitopilopsis_albida	k__Fungi..p__Basidiomycota..c__Agaricomycetes..o__Thelephorales..f__Thelephoraceae.....2	k__Fungi..p__Basidiomycota..c__Agaricomycetes..o__Thelephorales..f__Thelephoraceae..g__Tomentella..s__Tomentella_lapida	k__Fungi..p__Basidiomycota..c__Agaricomycetes..o__Agaricales..f__Lycoperdaceae..g__Lycoperdon..	k__Fungi..p__Ascomycota..c__Eurotiomycetes..o__Chaetothyriales..f__Trichomeriaceae..g__Knufia..s__Knufia_peltigerae	k__Fungi..p__Ascomycota..c__Dothideomycetes..o__Pleosporales..f__Cucurbitariaceae..g__Pyrenochaeta..s__Pyrenochaeta_sp	k__Fungi..p__Ascomycota..c__Eurotiomycetes..o__Chaetothyriales..f__Herpotrichiellaceae..g__Cladophialophora..s__Cladophialophora_humicola	k__Fungi..p__Basidiomycota..c__Agaricomycetes..o__Atheliales..f__Pilodermataceae..g__Piloderma..s__Piloderma_sp.3	k__Fungi..p__Ascomycota..c__Pezizomycetes..o__Pezizales..f__Sarcosomataceae..g__Pseudoplectania..s__Pseudoplectania_lignicola	k__Fungi..p__Ascomycota..c__Leotiomycetes..o__Thelebolales..f__Pseudeurotiaceae..g__Pseudogymnoascus..s__Pseudogymnoascus_roseus	k__Fungi..p__Ascomycota..c__Eurotiomycetes..o__Chaetothyriales..f__unidentified..g__unidentified..s__Chaetothyriales_sp	k__Fungi..p__Basidiomycota..c__Agaricomycetes..o__Agaricales..f__Entolomataceae..g__Clitopilopsis..s__Clitopilopsis_albida.1	k__Fungi..p__Basidiomycota..c__Agaricomycetes..o__Agaricales..f__Entolomataceae..g__Clitopilus..s__Clitopilus_sp	k__Fungi..p__Ascomycota..c__Dothideomycetes..o__Mytilinidiales..f__Mytilinidiaceae..g__Mytilinidion..s__Mytilinidion_sp.4	k__Fungi..p__Ascomycota..c__Dothideomycetes..o__Venturiales..f__Sympoventuriaceae..g__unidentified..s__Sympoventuriaceae_sp	k__Fungi..p__Basidiomycota..c__Agaricomycetes..o__Agaricales..f__Entolomataceae..g__Clitopilus..s__Clitopilus_sp.1	k__Fungi..p__Basidiomycota..c__Agaricomycetes..o__Russulales..f__Russulaceae..g__Lactarius..	k__Fungi..p__Basidiomycota..c__Agaricomycetes..o__Cantharellales..f__Hydnaceae..g__Sistotrema..s__Sistotrema_sp	k__Fungi..p__Mortierellomycota..c__Mortierellomycetes..o__Mortierellales..f__Mortierellaceae..g__Mortierella..s__Mortierella_globalpina	k__Fungi.............2	k__Fungi..p__Ascomycota..c__Eurotiomycetes..o__Chaetothyriales..f__Herpotrichiellaceae..g__Cladophialophora...2	k__Fungi..p__Ascomycota..c__Eurotiomycetes..o__Chaetothyriales..f__Herpotrichiellaceae..g__Exophiala..s__Exophiala_xenobiotica	k__Fungi..p__Ascomycota..c__Leotiomycetes........	k__Fungi.............3	k__Fungi..p__Basidiomycota..c__Agaricomycetes..o__Agaricales..f__Entolomataceae..g__Clitopilus..s__Clitopilus_sp.2	k__Fungi.............4	k__Fungi..p__Basidiomycota..c__Agaricomycetes..o__Agaricales..f__Radulomycetaceae..g__Aphanobasidium..s__Aphanobasidium_sp	k__Fungi..p__Basidiomycota..c__Agaricomycetes..o__Agaricales..f__Entolomataceae..g__Clitopilus..s__Clitopilus_caelatus	k__Fungi..p__Basidiomycota..c__Microbotryomycetes..o__unidentified..f__unidentified..g__unidentified..s__Microbotryomycetes_sp	k__Fungi..p__Ascomycota..c__Dothideomycetes..o__Venturiales..f__Sympoventuriaceae..g__unidentified..s__Sympoventuriaceae_sp.1	k__Fungi..p__Basidiomycota..c__Agaricomycetes..o__Russulales..f__Russulaceae..g__Russula..s__Russula_griseascens	k__Fungi..p__Ascomycota..c__Laboulbeniomycetes..o__Pyxidiophorales..f__unidentified..g__unidentified..s__Pyxidiophorales_sp	k__Fungi..p__Basidiomycota..c__Agaricomycetes..o__Agaricales..f__Lyophyllaceae..g__Lyophyllum..s__Lyophyllum_sp	k__Fungi..p__Ascomycota..c__Eurotiomycetes..o__Chaetothyriales.......1	k__Fungi..p__Basidiomycota..........	k__Fungi..p__Ascomycota..c__Eurotiomycetes..o__Chaetothyriales..f__Herpotrichiellaceae..g__Cladophialophora..s__Cladophialophora_humicola.1	k__Fungi..p__Basidiomycota..c__Agaricomycetes..o__Atheliales..f__Pilodermataceae..g__Piloderma..s__Piloderma_lanatum.1	k__Fungi..p__Basidiomycota..c__Agaricomycetes..o__Agaricales..f__Cortinariaceae..g__Cortinarius..s__Cortinarius_laetus	k__Fungi..p__Ascomycota..c__Dothideomycetes..o__Venturiales..f__Sympoventuriaceae..g__unidentified..s__Sympoventuriaceae_sp.2	k__Fungi..p__Ascomycota..........	k__Fungi..p__Ascomycota..c__Lecanoromycetes..o__Trapeliales..f__Trapeliaceae..g__Placynthiella..s__Placynthiella_oligotropha	k__Fungi..p__Basidiomycota..c__Agaricomycetes..o__Cantharellales..f__Ceratobasidiaceae..g__unidentified..s__Ceratobasidiaceae_sp	k__Fungi..p__Ascomycota..c__Eurotiomycetes..o__Chaetothyriales..f__Herpotrichiellaceae.....1	k__Fungi..p__Ascomycota..c__Dothideomycetes..o__Mytilinidiales..f__Mytilinidiaceae..g__Mytilinidion..s__Mytilinidion_sp.5	k__Fungi..p__Ascomycota..c__Saccharomycetes..o__Saccharomycetales..f__Saccharomycetales_fam_Incertae_sedis..g__Candida..s__Candida_santamariae	k__Fungi.............5	k__Fungi..p__Basidiomycota..c__Agaricomycetes..o__Sebacinales..f__Serendipitaceae..g__Serendipita..s__Serendipita_sp	k__Fungi..p__Basidiomycota..c__Agaricomycetes..o__Agaricales..f__Cortinariaceae....	k__Fungi..p__Ascomycota..c__Lecanoromycetes..o__Pertusariales..f__Pertusariaceae..g__Varicellaria..s__Varicellaria_sp	k__Fungi..p__Ascomycota..c__Eurotiomycetes..o__Chaetothyriales..f__Herpotrichiellaceae.....2	k__Fungi..p__Ascomycota..c__Eurotiomycetes..o__Chaetothyriales..f__Herpotrichiellaceae..g__Cladophialophora..s__Cladophialophora_humicola.2	k__Fungi..p__Basidiomycota...........1	k__Fungi..p__Ascomycota..c__Eurotiomycetes..o__Chaetothyriales..f__Herpotrichiellaceae..g__Cladophialophora...3	k__Fungi..p__Ascomycota..c__Eurotiomycetes..o__Chaetothyriales..f__Herpotrichiellaceae.....3	k__Fungi..p__Ascomycota..c__Dothideomycetes..o__Venturiales..f__Sympoventuriaceae..g__unidentified..s__Sympoventuriaceae_sp.3	k__Fungi..p__Basidiomycota..c__Agaricomycetes..o__Russulales..f__Albatrellaceae..g__unidentified..s__Albatrellaceae_sp	k__Fungi..p__Basidiomycota..c__Tremellomycetes..o__Filobasidiales..f__unidentified..g__unidentified..s__Filobasidiales_sp	k__Fungi..p__Ascomycota..c__Eurotiomycetes..o__Chaetothyriales..f__Herpotrichiellaceae..g__Cladophialophora..s__Cladophialophora_humicola.3	k__Fungi..p__Basidiomycota..c__Agaricomycetes..o__Russulales..f__unidentified..g__unidentified..s__Russulales_sp	k__Fungi..p__Ascomycota..c__Eurotiomycetes..o__Chaetothyriales..f__Herpotrichiellaceae..g__Cladophialophora..s__Cladophialophora_minutissima	k__Fungi.............6	k__Fungi..p__Ascomycota..c__Eurotiomycetes..o__Chaetothyriales..f__Herpotrichiellaceae..g__Cladophialophora..s__Cladophialophora_sylvestris	k__Fungi..p__Basidiomycota..c__Agaricomycetes..o__Agaricales..f__Lycoperdaceae..g__Lycoperdon..s__Lycoperdon_perlatum	k__Fungi..p__Ascomycota..c__Eurotiomycetes..o__Chaetothyriales.......2	k__Fungi..p__Basidiomycota..c__Agaricomycetes.........2	k__Fungi..p__Ascomycota..c__Eurotiomycetes..o__Chaetothyriales..f__unidentified..g__unidentified..s__Chaetothyriales_sp.1	k__Fungi..p__Ascomycota..c__Dothideomycetes..o__Mytilinidiales..f__Mytilinidiaceae..g__Mytilinidion..s__Mytilinidion_sp.6	k__Fungi..p__Basidiomycota..c__Agaricomycetes..o__Trechisporales..f__unidentified..g__unidentified..s__Trechisporales_sp	k__Fungi..p__Ascomycota..c__Orbiliomycetes..o__Orbiliales..f__Orbiliaceae..g__unidentified..s__Orbiliaceae_sp	k__Fungi..p__Basidiomycota..c__Agaricomycetes..o__Trechisporales..f__Hydnodontaceae..g__Litschauerella..s__Litschauerella_sp	k__Fungi..p__Basidiomycota..c__Microbotryomycetes.........1	k__Fungi..p__Ascomycota..c__Leotiomycetes..o__Helotiales......	k__Fungi.............7	k__Fungi..p__Ascomycota..c__Eurotiomycetes..o__Chaetothyriales..f__Herpotrichiellaceae..g__Cladophialophora..s__Cladophialophora_minutissima.1	k__Fungi..p__Ascomycota...........1	k__Fungi..p__Ascomycota..c__Pezizomycetes..o__Pezizales..f__Sarcosomataceae..g__Pseudoplectania..s__Pseudoplectania_lignicola.1	k__Fungi..p__Ascomycota..c__Dothideomycetes..o__Mytilinidiales..f__Mytilinidiaceae..g__unidentified..s__Mytilinidiaceae_sp	k__Fungi..p__Basidiomycota..c__Agaricomycetes..o__Agaricales..f__Tricholomataceae..g__Xeromphalina..s__Xeromphalina_setulipes	k__Fungi..p__Basidiomycota..c__Agaricomycetes..o__Atheliales..f__Atheliaceae..g__Athelia..	k__Fungi.............8	k__Fungi..p__Ascomycota..c__Eurotiomycetes..o__Chaetothyriales..f__Chaetothyriales_fam_Incertae_sedis..g__Sarcinomyces..s__Sarcinomyces_crustaceus	k__Fungi..p__Ascomycota..c__Lecanoromycetes..o__Lecanorales..f__Cladoniaceae..g__Cladonia..s__Cladonia_cariosa	k__Fungi..p__Basidiomycota..c__Agaricomycetes..o__Agaricales..f__Clavariaceae..g__Ramariopsis..s__Ramariopsis_sp	k__Fungi..p__Basidiomycota..c__Agaricomycetes..o__Atheliales..f__Atheliaceae..g__Athelia..s__Athelia_arachnoidea	k__Fungi.............9	k__Fungi..p__Ascomycota..c__Dothideomycetes..o__Pleosporales..f__Cucurbitariaceae..g__unidentified..s__Cucurbitariaceae_sp	k__Fungi..p__Ascomycota..c__Eurotiomycetes..o__Chaetothyriales..f__Herpotrichiellaceae..g__Cladophialophora..s__Cladophialophora_sylvestris.1	k__Fungi..p__Ascomycota..c__Dothideomycetes..o__Pleosporales..f__Lentitheciaceae..g__Lentithecium..s__Lentithecium_sp	k__Fungi..p__Ascomycota..c__Eurotiomycetes..o__Chaetothyriales..f__Herpotrichiellaceae..g__Cladophialophora...4	k__Fungi..p__Ascomycota..c__Lecanoromycetes..o__Trapeliales..f__Trapeliaceae..g__Placynthiella..s__Placynthiella_oligotropha.1	k__Fungi..p__Ascomycota...........2	k__Fungi..p__Ascomycota..c__Leotiomycetes.........1	k__Fungi..p__Ascomycota..c__Dothideomycetes..o__Mytilinidiales..f__Mytilinidiaceae..g__Lophium..s__Lophium_arboricola	k__Fungi..p__Basidiomycota..c__Agaricomycetes..o__Agaricales..f__Cortinariaceae..g__Cortinarius..s__Cortinarius_clandestinus	k__Fungi..p__Ascomycota..c__Leotiomycetes.........2	k__Fungi..p__Basidiomycota..c__Agaricomycetes..o__Trechisporales..f__unidentified..g__unidentified..s__Trechisporales_sp.1	k__Fungi.............10	k__Fungi..p__Ascomycota..c__Orbiliomycetes..o__Orbiliales......	k__Fungi..p__Basidiomycota..c__Agaricomycetes..o__Agaricales..f__Mycenaceae..g__Mycena..s__Mycena_flavoalba	k__Fungi..p__Ascomycota..c__Eurotiomycetes..o__Chaetothyriales..f__Herpotrichiellaceae..g__Cladophialophora..s__Cladophialophora_minutissima.2	k__Fungi..p__Basidiomycota..c__Agaricomycetes..o__Thelephorales..f__Thelephoraceae..g__Tomentellopsis..s__Tomentellopsis_sp	k__Fungi..p__Basidiomycota..c__Agaricomycetes..o__Sebacinales..f__Serendipitaceae..g__Serendipita..s__Serendipita_sp.1	k__Fungi..p__Basidiomycota..c__Agaricomycetes..o__Atheliales..f__Byssocorticiaceae..g__Leptosporomyces..s__Leptosporomyces_galzinii	k__Fungi..p__Basidiomycota..c__Agaricomycetes.........3	k__Fungi..p__Ascomycota..c__Eurotiomycetes..o__Chaetothyriales..f__Herpotrichiellaceae..g__Cladophialophora...5	k__Fungi..p__Ascomycota..c__Leotiomycetes..o__Thelebolales..f__Pseudeurotiaceae..g__Geomyces..s__Geomyces_auratus	k__Fungi.............11	k__Fungi..p__Ascomycota..c__Eurotiomycetes..o__Chaetothyriales.......3	k__Fungi..p__Ascomycota..c__Dothideomycetes..o__Pleosporales..f__Cucurbitariaceae..g__Pyrenochaeta..s__Pyrenochaeta_sp.1	k__Fungi.............12	k__Fungi.............13	k__Fungi..p__Ascomycota..c__Taphrinomycetes..o__Taphrinales..f__Taphrinaceae..g__Taphrina..s__Taphrina_gei.montani	k__Fungi..p__Ascomycota..c__Dothideomycetes..o__Pleosporales..f__Cucurbitariaceae..g__unidentified..s__Cucurbitariaceae_sp.1	k__Fungi..p__Ascomycota..c__Orbiliomycetes..o__Orbiliales..f__Orbiliaceae..g__Hyalorbilia..s__Hyalorbilia_sp	k__Fungi..p__Ascomycota..c__Dothideomycetes..o__Pleosporales..f__Lentitheciaceae..g__unidentified..s__Lentitheciaceae_sp	k__Fungi.............14	k__Fungi..p__Ascomycota...........3	k__Fungi..p__Ascomycota..c__Eurotiomycetes..o__Chaetothyriales..f__unidentified..g__unidentified..s__Chaetothyriales_sp.2	k__Fungi..p__Ascomycota..c__Leotiomycetes.........3	k__Fungi..p__Ascomycota..c__Leotiomycetes..o__Helotiales..f__Hyaloscyphaceae....	k__Fungi..p__Basidiomycota..c__Tremellomycetes..o__Filobasidiales..f__unidentified..g__unidentified..s__Filobasidiales_sp.1	k__Fungi..p__Ascomycota..c__Eurotiomycetes..o__Chaetothyriales..f__unidentified..g__unidentified..s__Chaetothyriales_sp.3	k__Fungi..p__Basidiomycota..c__Agaricomycetes..o__Trechisporales..f__Hydnodontaceae..g__Luellia..s__Luellia_sp	k__Fungi..p__Ascomycota..c__Leotiomycetes..o__Thelebolales..f__Pseudeurotiaceae..g__Pseudogymnoascus..s__Pseudogymnoascus_appendiculatus	k__Fungi.............15	k__Fungi..p__Basidiomycota..c__Agaricomycetes..o__Amylocorticiales..f__Amylocorticiaceae..g__unidentified..s__Amylocorticiaceae_sp	k__Fungi.............16	k__Fungi.............17	k__Fungi..p__Ascomycota..c__Eurotiomycetes..o__Chaetothyriales..f__unidentified..g__unidentified..s__Chaetothyriales_sp.4	k__Fungi.............18	k__Fungi..p__Ascomycota..c__Sordariomycetes..o__Xylariales..f__Amphisphaeriaceae..g__Synnemapestaloides..	k__Fungi..p__Ascomycota..c__Eurotiomycetes..o__Phaeomoniellales..f__Phaeomoniellaceae..g__Neophaeomoniella..s__Neophaeomoniella_constricta
ASCC160_2_13_0923_TP_1C_OM	0	0	0	0	0	0	0	0	0	0	0	0	0	0	0	0	0	0	0	0	0	0	0	0	0	0	0	0	0.0261053621825024	0.0642050799623707	0	0	0	0	0	0	0	0.0543273753527752	0.0256349952963311	0	0	0	0	0	0	0	0	0.00587958607714017	0	0.124647224835372	0	0	0	0	0	0	0	0.00070555032925682	0.00376293508936971	0	0.0376293508936971	0	0	0	0	0.027516462841016	0	0	0	0.0164628410159925	0	0	0	0.00752587017873942	0	0.0818438381937912	0	0	0	0	0	0.113828786453434	0	0	0	0	0	0	0	0.0181091251175917	0	0	0	0	0	0	0	0.0380997177798683	0	0	0	0.0190498588899342	0	0	0	0	0	0	0	0.00399811853245532	0	0.00211665098777046	0	0	0	0.159219190968956	0	0.115239887111947	0	0	0	0	0	0	0	0	0	0	0	0	0.00940733772342427	0	0	0	0	0	0	0.00587958607714017	0	0	0	0.00258701787394167	0	0	0	0	0.000470366886171214	0	0	0.0035277516462841	0	0	0	0	0	0	0	0	0	0	0	0	0	0	0.00164628410159925	0	0	0	0.00235183443085607	0.0225776105362183	0	0	0	0	0	0	0.00188146754468485	0	0	0.00376293508936971	0	0	0	0
ASCC161_6_38_0923_TP_1C_OM2	0	0	0	0	0	0	0	0	0	0	0	0	0	0	0	0	0	0	0	0	0	0	0	0	0	0	0	0	0	0.107847533632287	0	0	0	0	0	0	0	0.514798206278027	0.00381165919282511	0	0	0	0	0.189686098654709	0	0	0	0	0	0.0713004484304933	0	0	0	0	0	0	0	0	0.0116591928251121	0	0	0	0	0	0	0.00762331838565022	0	0	0	0	0	0	0	0.0145739910313901	0	0	0	0	0	0	0	0	0	0	0	0	0	0.00852017937219731	0	0	0	0	0	0	0	0	0	0	0	0	0	0.0262331838565022	0	0	0	0	0	0	0	0	0	0	0	0	0	0	0	0.000448430493273543	0	0	0	0	0	0	0	0	0	0	0	0	0	0	0	0	0	0	0	0	0	0	0	0	0.00403587443946188	0	0	0	0.00246636771300448	0	0	0.0228699551569507	0	0	0	0	0	0	0	0	0	0	0	0	0	0	0.00134529147982063	0	0	0	0.00650224215246637	0	0	0	0	0	0	0	0	0	0	0	0	0.00493273542600897	0	0.00134529147982063
ASCC162_1_3_0923_TP_1C_OM	0	0	0	0.00109739368998628	0	0.00644718792866941	0.00425240054869684	0	0	0.724691358024691	0	0	0.000685871056241427	0	0	0	0	0	0	0	0.00123456790123457	0	0	0	0.0108367626886145	0	0.043758573388203	0	0	0.052400548696845	0	0.0120713305898491	0	0	0	0	0	0	0	0	0	0	0	0	0	0	0	0	0	0.00493827160493827	0	0	0	0	0	0	0	0.00905349794238683	0.00864197530864197	0	0.00768175582990398	0	0	0	0	0	0	0.0222222222222222	0	0	0	0	0	0	0	0	0	0	0	0	0	0	0	0	0	0	0	0	0	0	0.0046639231824417	0	0.0149519890260631	0	0.00425240054869684	0	0	0	0	0	0.00109739368998628	0.00425240054869684	0	0.00137174211248285	0	0	0	0	0	0.00493827160493827	0.000411522633744856	0	0	0	0	0	0	0	0	0	0	0	0	0	0	0	0	0.0138545953360768	0	0	0	0	0	0	0	0	0.0235939643347051	0.000960219478737997	0	0	0	0.0112482853223594	0.00123456790123457	0	0	0	0	0	0	0	0	0	0	0	0	0	0	0	0.000960219478737997	0	0	0	0	0	0.000960219478737997	0	0	0	0	0	0	0	0.000274348422496571	0	0	0	0	0	0	0.000274348422496571	0.000411522633744856	0.000274348422496571	0	0
ASCC163_13_88_0923_TP_1C_OM	0	0.0612012524907486	0	0	0	0	0.0207799601480216	0	0.00256191289496157	0	0.0102476515798463	0	0	0	0	0	0	0	0	0	0.00199259891830344	0	0	0.00825505266154284	0	0	0	0	0	0	0	0	0	0	0	0	0	0	0.00142328494164532	0	0	0	0	0.00426985482493595	0	0.363791631084543	0	0	0	0.0199259891830344	0	0	0	0.0555081127241674	0	0	0	0	0.0176487332764019	0	0.00882436663820097	0	0	0	0	0	0.017933390264731	0.0333048676345004	0	0.027042413891261	0.00768573868488471	0	0	0.00142328494164532	0	0	0	0	0	0	0	0	0	0	0	0	0	0	0	0	0	0	0.0264730999146029	0.103615143751779	0	0	0	0.00910902362653003	0	0	0.00227725590663251	0	0.00597779675491033	0.0111016225448335	0	0	0	0	0	0.0153714773697694	0.0387133504127526	0.0367207514944492	0	0	0	0	0.040421292342727	0	0	0	0	0	0	0.00199259891830344	0.00398519783660689	0	0	0	0	0	0	0	0	0.022203245089667	0	0	0	0	0.00512382578992314	0	0	0	0	0.0031312268716197	0	0	0	0	0	0	0	0	0	0	0	0	0	0	0.0031312268716197	0	0	0	0	0.00170794192997438	0	0	0.00341588385994876	0	0	0	0	0	0	0	0	0	0.000569313976658127	0	0	0	0	0	0.00113862795331625	0
ASCC164_2_12_0923_TP_1C_OM	0	0	0	0	0	0	0	0	0	0	0	0	0	0	0	0	0	0	0	0	0	0.00900900900900901	0	0	0	0	0	0	0	0.208708708708709	0	0	0	0	0	0	0	0	0	0	0	0	0	0	0	0	0	0.0225225225225225	0	0.210960960960961	0	0	0	0.00600600600600601	0	0	0	0	0.024024024024024	0	0	0	0	0	0.0105105105105105	0.156156156156156	0	0	0	0	0	0	0	0	0	0	0	0	0	0	0	0.0593093093093093	0	0	0	0	0	0	0	0	0	0	0	0	0.0045045045045045	0	0	0	0	0	0	0.0773273273273273	0	0	0	0	0	0	0	0	0	0.0705705705705706	0	0	0	0	0	0	0	0	0	0	0	0	0	0	0	0	0	0	0	0	0	0	0	0	0	0.0337837837837838	0	0	0	0	0.0743243243243243	0	0	0	0	0	0	0	0	0	0	0	0	0	0	0	0	0	0.00750750750750751	0	0	0	0	0	0	0	0.0165165165165165	0	0	0	0	0	0	0	0	0	0	0.00825825825825826	0	0	0	0
ASCC165_7_44_0923_TP_1C_OM	0.045881126173097	0.040667361835245	0.113312478275982	0.0309350017379214	0	0	0	0.0479666319082377	0.0719499478623566	0	0	0	0	0	0	0	0	0	0	0	0	0	0	0	0	0	0.00834202294056309	0	0	0	0	0	0.010775112964894	0	0	0	0	0	0.00208550573514077	0	0	0	0	0.0201598887730275	0	0	0	0	0	0.0583941605839416	0	0.128258602711157	0.0125130344108446	0.00312825860271116	0.0538755648244699	0	0	0.0159888773027459	0.010775112964894	0	0	0.00347584289190129	0	0.0132082029892249	0	0.00660410149461244	0.0264164059784498	0.0340632603406326	0	0.010775112964894	0	0	0	0	0	0.00208550573514077	0.0938477580813347	0	0	0.0128606187000348	0.00278067431352103	0	0	0.0184219673270768	0.0187695516162669	0	0	0	0	0	0	0	0	0	0.0097323600973236	0	0	0	0	0	0	0	0	0	0	0	0	0	0	0.0100799443865137	0	0.00834202294056309	0	0	0	0	0.00556134862704206	0.010775112964894	0.00764685436218283	0	0.00764685436218283	0	0	0	0	0	0.00173792144595064	0	0	0	0	0	0	0	0	0	0	0.00417101147028154	0	0	0	0	0	0	0	0	0.00139033715676051	0	0	0	0	0	0	0	0	0	0	0	0	0	0	0	0	0	0	0	0.00451859575947167	0.00173792144595064	0.00660410149461244	0	0	0	0	0	0	0	0	0	0	0.00173792144595064	0	0	0	0
ASCC166_5_32_0923_TP_1C_OM	0	0.0226144511858798	0	0.238279095421953	0	0.0308880308880309	0	0.0501930501930502	0	0	0	0	0	0	0	0	0	0	0	0	0.0176503033645891	0	0	0	0	0	0.0722559293987865	0	0	0.229453943739658	0	0	0	0	0	0	0	0.0060672917815775	0	0	0	0	0	0.0717043574186431	0	0	0	0	0	0.0308880308880309	0	0	0	0	0	0	0	0.00937672366243795	0	0	0	0	0	0.0115830115830116	0.00220628792057364	0	0	0.00441257584114727	0	0	0	0	0	0	0	0	0	0	0	0	0	0	0	0	0	0	0	0	0	0	0.0496414782129068	0	0	0.0110314396028682	0	0.0430226144511859	0	0	0	0	0	0.0248207391064534	0.00386100386100386	0	0	0	0	0	0	0.0110314396028682	0.00827357970215113	0	0	0	0	0	0	0	0	0	0.012134583563155	0	0	0.0170987313844457	0	0	0	0	0	0	0	0	0	0.00165471594043023	0	0	0	0	0	0	0	0	0	0.00551571980143409	0	0	0.0132377275234418	0	0	0	0	0	0	0	0	0	0	0	0	0	0	0	0	0	0	0	0	0	0	0	0	0	0	0	0	0	0	0	0	0	0	0	0	0.00110314396028682
ASCC167_15_100_0923_TP_1C_OM	0.0339822601082825	0.0192950120953807	0	0	0	0.00800599009330722	0	0	0.00138232922474369	0.410897362055063	0.00627807856237761	0.00155512037783665	0	0	0.00478055523557194	0	0	0	0.00478055523557194	0	0.000806358714433821	0	0	0.0031678378067043	0	0	0.00714203432784241	0	0	0.0432553853242714	0	0	0	0	0	0	0	0	0.00743001958299735	0	0	0	0	0.00167031447989863	0	0	0.0230964174634259	0	0	0.0100218868793918	0	0.000691164612371847	0.0332910954959106	0	0.0543716161732519	0	0	0.00558691395000576	0	0	0.0124985600737242	0	0	0	0.116000460776408	0.00149752332680567	0.0330607072917867	0.00132473217371271	0	0.000230388204123949	0	0	0	0.00472295818454095	0	0.000863955765464808	0	0	0.00259186729639442	0.00109434396958876	0	0	0	0	0	0	0	0.00748761663402834	0	0	0	0	0	0	0.0105978573897016	0	0	0	0.0490150904273701	0.000172791153092962	0.0027070613984564	0	0.00875475175671006	0.00143992627577468	0	0	0	0	0	0.00875475175671006	0	0.00518373459278885	0	0	0	0.00120953807165073	0	0.00264946434742541	0.00743001958299735	0	0.000518373459278885	0	0	0	0	0	0.0022462849902085	0	0	0	0	0	0	0.0142264716046538	0	0	0	0.000921552816495795	0	0	0	0	0	0	0	0	0.00334062895979726	0	0	0.00132473217371271	0	0	0	0	0.00138232922474369	0	0	0	0.00126713512268172	0	0	0	0	0	0.00115194102061974	0	0.000460776408247898	0.00685404907268748	0.000979149867526783	0	0	0	0	0	0.00374380831701417	0	0	0	0	0	0.000460776408247898	0.000345582306185923	0	0
ASCC168_10_68_0923_TP_1C_OM	0	0.000871269875844043	0.10128512306687	0	0	0	0	0	0	0	0	0	0	0	0	0	0	0	0.0744935743846657	0	0	0	0	0	0	0	0.00500980178610325	0.0135046830755827	0	0.187976475713352	0	0.0178610324548029	0	0	0	0	0.0344151600958397	0	0	0	0	0	0	0	0	0	0	0	0	0.020692659551296	0	0	0	0.0104552385101285	0	0.0243955565236332	0	0.0357220649096057	0	0	0	0	0	0	0	0.0145937704203877	0	0.0298409932476585	0	0.0126334131997386	0	0	0	0	0	0	0	0	0	0	0	0.119363972990634	0	0	0	0	0	0	0	0	0	0	0.0235242866477892	0	0.00217817468961011	0.0019603572206491	0	0	0	0	0	0	0.0111086909170115	0.00130690481376606	0	0.00522761925506426	0	0	0	0.00370289697233718	0.0640383358745371	0	0	0	0	0	0	0	0.00675234153779133	0	0.00435634937922021	0.0479198431714223	0	0	0.00479198431714224	0	0.00370289697233718	0.00849488128947942	0	0	0	0	0	0.000871269875844043	0	0	0.0546721847092137	0.000871269875844043	0	0	0	0.00283162709649314	0.00718797647571335	0	0	0	0	0.0189501197996079	0	0	0	0	0	0	0	0	0	0	0	0	0.00675234153779133	0	0	0	0.0041385319102592	0	0.00261380962753213	0.00108908734480505	0	0.00304944456545415	0.00479198431714224	0	0	0	0	0	0	0	0	0	0	0	0	0
ASCC169_14_97_0923_TP_1C_OM	0	0.0295519542421354	0.174213536701621	0	0.105338417540515	0	0	0.0376549094375596	0	0	0.0164442326024785	0	0	0.0185891325071497	0.227597712106768	0	0	0	0.0233555767397521	0	0.0259771210676835	0	0	0	0	0	0.0290753098188751	0.0950905624404194	0	0.00786463298379409	0	0.0328884652049571	0	0.0221639656816015	0	0	0	0	0.0131077216396568	0	0	0	0	0.00667302192564347	0	0	0	0	0	0.0112011439466158	0	0	0	0.00166825548141087	0	0	0	0.00905624404194471	0.00714966634890372	0	0	0	0	0	0	0.00452812202097235	0	0.00262154432793136	0	0	0	0	0	0	0.00834127740705434	0	0	0	0	0	0	0	0	0	0	0	0	0	0	0	0.0142993326978074	0	0	0	0	0	0	0	0	0	0.00929456625357483	0	0	0	0	0	0	0.0302669208770257	0	0.00762631077216397	0	0	0	0	0	0	0	0	0	0	0	0	0.00381315538608198	0	0.00262154432793136	0	0	0.01930409914204	0	0	0	0	0	0.00119161105815062	0	0	0	0	0	0	0	0	0	0	0	0	0	0	0	0	0	0	0	0	0	0	0	0	0	0	0	0.000476644423260248	0	0	0	0	0	0	0	0	0	0	0	0	0	0	0	0	0	0	0.000953288846520496	0	0	0
ASCC170_12_82_0923_TP_1C_OM	0	0.00305903946160905	0.317834200061181	0	0	0.0146833894157235	0	0	0.019271948608137	0.0140715815234017	0	0	0	0	0.00244723156928724	0	0	0	0.100336494340777	0	0.00152951973080453	0	0	0	0	0	0.0214132762312634	0	0	0.00611807892321811	0	0	0	0	0	0	0	0	0	0	0	0	0	0	0	0	0.0535331905781585	0.00520036708473539	0	0	0	0	0	0.156928724380545	0	0.0104007341694708	0	0.0312022025084124	0	0	0	0	0	0.00764759865402264	0	0.0149892933618844	0.00764759865402264	0	0	0	0	0	0	0	0	0	0.0868767207096972	0	0	0	0	0	0	0	0	0	0	0.0174365249311716	0	0	0	0	0	0	0.00795350260018354	0	0.0214132762312634	0	0.00336494340776996	0	0	0.00672988681553992	0.022636892015907	0.00336494340776996	0	0	0	0	0	0	0.00520036708473539	0	0	0	0	0	0	0	0	0.0204955643927807	0.000917711838482716	0	0	0	0.00214132762312634	0	0	0	0	0	0	0	0	0	0	0	0	0	0	0	0	0	0	0	0	0	0	0	0	0	0	0	0	0	0	0	0	0	0	0	0.00275313551544815	0	0	0	0.00214132762312634	0	0	0	0	0.00183542367696543	0.00244723156928724	0.00244723156928724	0.00152951973080453	0	0	0	0	0	0	0	0	0	0	0
ASCC171_3_16_0923_TP_1C_OM	0	0.0182171913689423	0.0226388397594623	0	0.0134418111071808	0	0	0	0	0	0	0	0	0.00406791651927839	0.292182525645561	0	0	0.244251857092324	0	0.00318358684117439	0.0175097276264591	0	0.00707463742483198	0.131765122037496	0.0249380969225327	0.0505836575875486	0	0	0	0	0	0	0	0.0240537672444287	0	0.00548284400424478	0	0	0.0014149274849664	0	0	0	0	0.00742836929607358	0	0	0	0	0	0	0	0.00601344181110718	0	0	0	0	0	0	0	0	0	0	0	0	0	0	0	0	0	0	0	0	0	0	0	0	0	0	0	0	0	0	0	0	0	0.0153873363990096	0.012380615493456	0	0	0	0	0.01326494517156	0	0	0	0	0	0	0	0	0	0	0	0	0.00389105058365759	0	0	0.0321896002829855	0	0	0	0	0	0	0	0	0	0	0	0.00902016271666077	0	0	0	0	0	0.00530597806862398	0	0	0	0	0	0	0.0014149274849664	0	0	0.0148567385921472	0	0	0	0.00477538026176158	0	0	0	0	0	0	0	0	0	0	0.0012380615493456	0	0	0	0	0	0	0.00176865935620799	0	0	0	0.0014149274849664	0.00459851432614079	0	0	0.00353731871241599	0	0	0	0	0	0.000707463742483198	0	0	0	0	0	0	0	0	0	0	0	0
ASCC172_11_72_0923_TP_1C_OM	0	0.0126357792063844	0	0	0	0.00288184438040346	0	0	0.0183994679671913	0	0.00687209044557748	0.00133008202172467	0	0	0	0	0	0	0.00288184438040346	0	0	0	0	0.00155176235867879	0	0.033695411217025	0.0642872977166925	0.305697184659721	0.00332520505431168	0.0578585679450233	0	0	0	0	0.00110840168477056	0	0	0	0	0	0	0	0	0.0155176235867879	0	0	0	0	0	0.0159609842606961	0	0	0	0.0161826645976502	0	0	0	0.0161826645976502	0.0110840168477056	0	0.0124140988694303	0	0.00243848370649523	0	0	0	0	0.183994679671913	0	0	0	0	0	0.000665041010862337	0	0	0	0	0	0.00443360673908224	0	0	0	0	0	0	0	0.0141875415650632	0	0	0	0	0	0	0.00354688539126579	0	0.0720461095100865	0	0	0	0.00665041010862337	0	0	0.00399024606517402	0	0	0.0421192640212813	0	0	0	0	0.00221680336954112	0	0	0	0	0	0	0.0141875415650632	0.00576368876080692	0.00443360673908224	0	0	0	0.00775881179339393	0	0.00199512303258701	0	0	0	0	0	0	0	0	0	0	0.00155176235867879	0	0	0	0.00354688539126579	0.00354688539126579	0	0	0	0.00221680336954112	0	0	0	0	0	0	0	0	0	0	0	0.00421192640212813	0	0.00266016404344935	0	0	0	0.00288184438040346	0	0	0	0.00110840168477056	0	0.0017734426956329	0	0.000443360673908224	0	0.00199512303258701	0.000443360673908224	0.00133008202172467	0	0	0.000665041010862337	0	0	0.000886721347816449	0.000443360673908224
ASCC173_5_33_0923_TP_1C_OM	0	0.030610292710924	0.174287354122824	0	0	0	0.0204706332504305	0	0.0277405777692749	0	0.00631337287162809	0	0	0	0.000765257317773101	0	0	0	0	0	0	0	0	0	0	0	0	0	0	0.0814999043428353	0	0	0	0	0	0	0	0	0	0	0	0	0	0	0	0	0.125119571455902	0	0	0.0499330399846949	0	0	0	0	0	0	0	0.0170269753204515	0	0	0	0	0	0	0	0.0363497225942223	0.0468720107136024	0	0	0	0.00669600153051464	0	0	0	0	0.0118614884254831	0	0	0	0.0267840061220585	0	0	0	0	0	0	0	0	0	0	0	0	0.165104266309547	0.0114788597665965	0.0296537210637077	0	0	0.0114788597665965	0	0	0	0	0.0323321216759135	0	0	0.00707863018940119	0	0	0	0.0126267457432562	0	0.00612205854218481	0	0	0	0	0	0	0	0	0	0	0	0	0	0	0	0.00841783049550411	0	0	0	0	0	0.020853261909317	0	0	0	0.00765257317773101	0	0	0	0.0135833173904725	0.0030610292710924	0	0	0	0	0	0	0	0	0	0	0	0	0	0	0	0	0	0.00114788597665965	0	0	0	0	0	0	0	0	0	0.00344365792997896	0	0	0	0.00325234360053568	0	0	0	0	0.000382628658886551	0	0	0	0
ASCC174_3_15_0923_TP_1C_OM	0	0.0827450980392157	0.0776470588235294	0.0057516339869281	0	0	0	0	0	0.00836601307189543	0.00549019607843137	0	0	0	0	0.00209150326797386	0	0	0.118169934640523	0	0.0057516339869281	0	0	0	0.123790849673203	0	0.0176470588235294	0.00143790849673203	0	0.0373856209150327	0	0	0	0	0	0	0.22640522875817	0.00300653594771242	0	0	0	0	0	0.0125490196078431	0	0	0.137124183006536	0	0	0	0	0	0	0.0216993464052288	0	0	0	0.0122875816993464	0	0	0	0	0	0	0	0	0	0.0164705882352941	0	0	0	0	0	0	0	0	0	0	0	0	0	0	0	0	0	0	0	0	0	0	0.0265359477124183	0.00836601307189543	0	0	0.000784313725490196	0.0065359477124183	0	0	0	0	0.0073202614379085	0	0	0.00535947712418301	0	0	0	0	0	0	0	0	0	0	0	0	0.0061437908496732	0	0	0	0	0.00169934640522876	0	0	0	0	0	0	0	0	0	0	0	0	0	0	0	0	0	0	0	0	0.000784313725490196	0	0	0	0.00705882352941176	0	0	0	0	0	0	0	0	0	0.00117647058823529	0	0	0	0.000522875816993464	0	0	0	0.00156862745098039	0	0	0	0	0	0.00196078431372549	0.000392156862745098	0.00274509803921569	0	0.00287581699346405	0	0.00104575163398693	0	0.00130718954248366	0	0	0	0	0
ASCC175_10_67_0923_TP_1C_OM	0	0.000517464424320828	0	0	0	0	0	0	0.0036222509702458	0	0	0	0	0	0.00672703751617076	0	0	0.00879689521345407	0.101423027166882	0	0.00284605433376455	0	0	0	0.010608020698577	0	0.019404915912031	0.0139715394566624	0	0.0468305304010349	0	0	0	0	0	0	0	0.0111254851228978	0.0752910737386805	0	0	0	0	0	0	0	0	0	0	0.0439844760672704	0	0	0.159896507115136	0	0	0	0	0.00698576972833118	0.019404915912031	0	0.088745148771022	0	0.00129366106080207	0	0.0129366106080207	0.00517464424320828	0	0.0036222509702458	0.000517464424320828	0	0	0	0	0.00827943078913325	0	0.0100905562742561	0	0	0	0	0	0	0	0	0	0	0	0.0124191461836999	0	0.051228978007762	0.0589909443725744	0	0	0	0	0	0	0	0	0	0.00595084087968952	0.0809831824062096	0	0	0	0	0	0	0	0	0	0.00129366106080207	0	0	0	0.00258732212160414	0	0.00284605433376455	0.0326002587322122	0.00569210866752911	0	0	0	0	0.00595084087968952	0	0.00155239327296248	0	0	0	0.0279430789133247	0	0	0	0	0	0	0.00336351875808538	0	0	0	0	0	0	0	0	0	0	0	0.00646830530401035	0	0	0	0	0.00957309184993532	0	0	0	0	0	0	0	0	0	0.00620957309184994	0	0.0018111254851229	0	0.00232858990944373	0.00595084087968952	0	0.00646830530401035	0	0	0.00155239327296248	0	0.000517464424320828	0	0	0	0	0.00103492884864166	0	0.00258732212160414
ASCC176_8_52_0923_TP_1C_OM	0	0.00977717144156435	0	0	0.00522964984083674	0	0.00909504320145521	0	0.00500227376080036	0	0.0129604365620737	0.00250113688040018	0	0	0	0	0.064574806730332	0	0.00886766712141883	0	0	0	0	0.0068212824010914	0	0	0.0222828558435653	0	0.00181900864029104	0.116416552978627	0.00136425648021828	0.0127330604820373	0	0	0	0.00500227376080036	0	0.00591177808094588	0.0234197362437472	0	0	0	0.00363801728058208	0.0068212824010914	0.00977717144156435	0	0	0	0	0.0413824465666212	0.0234197362437472	0.00613915416098226	0.153024101864484	0	0	0.011368804001819	0	0.00636653024101864	0.0163710777626194	0	0.0136425648021828	0	0.00886766712141883	0	0.0432014552069122	0	0	0	0.00068212824010914	0.00272851296043656	0.0034106412005457	0	0	0	0.00159163256025466	0.00864029104138245	0	0	0	0.0277398817644384	0	0	0	0	0	0.00136425648021828	0	0.00864029104138245	0.00613915416098226	0	0	0	0	0	0	0.00773078672123693	0	0	0	0	0.0045475216007276	0.0120509322419281	0	0	0	0.0168258299226921	0.0247839927239654	0	0.0056844020009095	0	0	0	0.0022737608003638	0	0	0	0.0547976352887676	0	0.00954979536152797	0	0.00613915416098226	0.0247839927239654	0.00295588904047294	0.00159163256025466	0.0056844020009095	0	0.0034106412005457	0	0	0	0.0325147794452024	0	0	0	0	0	0.00068212824010914	0.0011368804001819	0.00250113688040018	0	0.0068212824010914	0.00159163256025466	0.00613915416098226	0.00068212824010914	0.00068212824010914	0	0.00318326512050932	0	0	0.0034106412005457	0	0	0	0	0.0109140518417462	0.00272851296043656	0	0	0	0	0	0	0	0.00136425648021828	0.00159163256025466	0	0	0	0.00386539336061846	0	0	0.00432014552069122	0	0	0	0	0.0104592996816735	0	0.00181900864029104	0	0.00045475216007276	0.000909504320145521	0	0.00068212824010914
ASCC177_14_94_0923_TP_1C_OM	0.0303418803418803	0.25982905982906	0.038034188034188	0.115384615384615	0	0.0217948717948718	0.0136752136752137	0.0299145299145299	0	0	0.0294871794871795	0	0	0	0	0	0	0	0	0	0.0226495726495726	0	0	0	0.162393162393162	0	0.0876068376068376	0	0	0.0277777777777778	0.038034188034188	0.0115384615384615	0	0	0	0.00341880341880342	0	0	0	0	0	0	0	0	0	0	0	0	0	0	0	0	0	0.0170940170940171	0	0	0	0	0.00427350427350427	0	0.0162393162393162	0	0	0	0	0.0166666666666667	0	0	0	0	0	0	0	0	0	0	0	0	0	0	0	0	0	0	0.00170940170940171	0.00384615384615385	0	0	0	0	0	0.0226495726495726	0	0.0132478632478632	0	0	0	0	0	0.00256410256410256	0	0	0	0.00683760683760684	0	0	0	0	0	0	0	0	0	0	0	0	0	0	0	0	0	0	0	0	0.00299145299145299	0	0	0	0	0	0	0	0	0	0	0	0	0	0	0	0	0	0	0	0	0	0	0	0	0	0	0	0	0	0	0	0	0	0	0	0	0	0	0	0	0	0	0	0	0	0	0	0	0	0	0	0	0	0	0	0	0	0	0
ASCC178_4_26_0923_TP_1C_OM	0.0263381478334749	0.00376259254763928	0	0	0	0	0	0.00485495812598616	0	0	0.0044908362665372	0	0	0	0	0	0	0.231824250515839	0	0	0.00376259254763928	0.0686976574827042	0	0	0	0.0434518752275762	0	0	0.0146862483311081	0.0243961645830805	0.00497633207913582	0	0	0	0	0.00254885301614274	0.108144192256342	0	0.0535259133389974	0	0.0229396771452846	0	0	0.0373831775700935	0	0	0	0	0	0	0.0185702148318971	0	0	0.143221264716592	0	0	0	0.00230610510984343	0	0	0	0	0	0	0	0.00485495812598616	0	0	0	0	0	0	0	0.0121373953149654	0	0	0.00691831532953028	0	0	0	0	0	0	0	0	0	0	0	0	0.0286442529433184	0	0	0	0	0	0	0	0.000849617672047579	0	0	0.00364121859448962	0.0292511227090666	0	0	0	0	0.0172351013472509	0	0	0.00436946231338755	0	0	0	0	0	0.000364121859448962	0.000242747906299308	0.00303434882874135	0	0	0	0	0	0	0.00109236557834689	0	0.00133511348464619	0.00873892462677509	0	0.0167496055346523	0.00558320184488409	0	0	0	0	0	0	0	0	0	0	0.000849617672047579	0	0	0	0	0.00509770603228547	0	0	0.00691831532953028	0	0	0	0	0	0	0.000849617672047579	0	0.0152931180968564	0	0	0	0	0	0	0	0.00121373953149654	0	0	0.00060686976574827	0	0.00424808836023789	0	0	0	0	0	0	0	0	0	0	0	0
ASCC179_16_110_0923_TP_1C_OM	0	0	0	0	0	0.000445354947893471	0	0	0	0.249131557851608	0	0	0	0	0.0228021733321457	0	0	0	0.0045426204685134	0	0.00142513583325911	0.00436447848935602	0	0	0	0	0.0076601051037677	0	0.500044535494789	0.0305513494254921	0	0	0	0	0.059143137080253	0.0317983432795938	0.00525518838514296	0.00365191057272646	0	0	0	0	0	0	0	0	0	0	0	0.00472076244767079	0	0.00570054333303643	0	0	0	0	0	0.00106885187494433	0.0016032778124165	0.00240491671862474	0	0	0	0	0	0	0	0	0	0	0	0	0	0.000356283958314777	0.000534425937472165	0	0	0	0	0	0	0	0	0	0	0	0	0	0	0.029126213592233	0	0	0	0	0	0	0.00106885187494433	0	0	0	0.00169234880199519	0.00525518838514296	0	0	0	0	0.00855081499955464	0	0	0	0	0	0	0	0	0	0	0	0	0	0.00418633651019863	0	0.00329562661441169	0	0	0	0.000712567916629554	0	0	0	0	0	0	0	0	0	0	0	0	0	0	0	0	0	0	0.00561147234345774	0.000445354947893471	0	0	0	0	0	0.000534425937472165	0	0	0	0	0	0	0	0	0	0	0	0	0	0	0.000890709895786942	0	0	0	0.00142513583325911	0	0	0	0	0	0	0	0	0	0	0	0
ASCC180_7_43_0923_TP_1C_OM	0.0064966704563911	0.00730875426343999	0.348708786746792	0	0	0	0	0	0	0	0	0	0	0	0	0	0	0	0	0	0	0	0	0	0	0	0.0110443397758649	0	0	0.0332954360890044	0	0	0	0	0	0	0	0.0396296897839857	0.00893292187753776	0	0	0	0	0	0	0	0	0.00487250284229332	0	0.0458015267175573	0	0.0479129446158844	0	0	0.0500243625142115	0	0	0.0141302582426506	0	0	0	0	0	0	0	0.0388176059769368	0.043040441773591	0	0	0.0958258892317687	0	0	0	0.0105570894916355	0	0.00958258892317687	0	0	0	0.00113691732986844	0	0	0	0	0	0	0	0.0064966704563911	0	0	0	0	0.00406041903524444	0.0035731687510151	0.0121812571057333	0	0	0.00877050511612798	0	0	0.00308591846678577	0.0147799252882898	0.0345947701802826	0	0	0.0108819230144551	0	0	0	0.00682150397921065	0	0.0128309241513724	0	0	0	0.00194900113691733	0.00129933409127822	0.00909533863894754	0.0103946727302258	0	0.000812083807048887	0	0	0	0	0	0.00162416761409777	0.00178658437550755	0	0	0	0	0	0.00211141789832711	0	0	0	0.00324833522819555	0	0	0	0.00958258892317687	0.00568458664934221	0	0	0	0	0	0.002923501705376	0.00162416761409777	0	0	0	0	0.00454766931947377	0	0	0	0	0	0.00227383465973688	0	0	0	0.00194900113691733	0	0	0	0.001461750852688	0	0	0.00194900113691733	0	0	0	0	0	0	0	0.000487250284229332	0	0	0	0
ASCC181_11_73_0923_TP_1C_OM	0	0.00136665365091761	0	0	0	0.00331901600937134	0	0	0	0	0	0.00156188988676298	0	0	0	0	0	0	0.0255759468957438	0.00488090589613432	0.00253807106598985	0.207340882467786	0	0.0021475985942991	0	0	0.0747754783287778	0.244045294806716	0.0704802811401796	0.0833658727059742	0	0	0	0.00624755954705193	0.000976181179226864	0.00156188988676298	0	0	0	0	0	0	0	0	0	0	0.00351425224521671	0	0	0.0177664974619289	0	0	0.0353377586880125	0	0	0.000390472471690746	0	0.0132760640374854	0	0	0.0312377977352597	0	0	0.00702850449043342	0	0	0.0224521671222179	0	0	0	0	0	0	0.000585708707536119	0	0	0.0134713002733307	0	0	0	0	0	0	0	0	0	0	0	0	0.0374853572823116	0	0	0	0	0	0	0	0	0	0	0.00331901600937134	0	0.00624755954705193	0	0	0	0	0	0	0	0	0	0	0	0	0	0	0.00527137836782507	0.0285044904334244	0.0171807887543928	0.00624755954705193	0	0	0	0	0	0.00195236235845373	0	0	0	0	0	0	0	0	0	0	0.00195236235845373	0	0	0	0.000780944943381492	0.00234283483014447	0	0	0	0	0	0	0.000976181179226864	0	0	0	0.00585708707536119	0	0	0	0	0.0021475985942991	0	0	0	0	0	0.00175712612260836	0	0	0	0	0	0	0	0.00136665365091761	0	0.000780944943381492	0	0	0.000585708707536119	0	0	0	0	0	0
ASCC182_1_4_0923_TP_1C_OM	0.0161874848997342	0.0128050253684465	0	0	0	0	0	0	0.00483208504469679	0	0.00724812756704518	0	0	0	0	0	0	0	0.242329064991544	0	0	0	0	0	0	0	0	0	0.00241604252234839	0.101956994443102	0	0	0	0	0	0	0	0	0	0	0	0	0	0	0	0	0	0.0517033099782556	0	0.0164290891519691	0	0.00314085527905291	0.0323749697994685	0.000724812756704518	0.00410727228799227	0	0	0.00507368929693163	0.0618506885721189	0	0.103648224208746	0	0	0.0169122976564388	0	0.0166706934042039	0	0	0	0	0.00700652331481034	0	0	0.00507368929693163	0	0.00434887654022711	0	0	0	0.106305870983329	0	0.0282676975114762	0	0	0	0	0	0.0347910123218169	0	0.01497946363856	0	0.00700652331481034	0	0	0.0299589272771201	0	0	0	0	0	0.00386566803575743	0	0	0	0	0	0	0	0	0	0	0.0115970041072723	0	0	0	0	0	0.000483208504469679	0	0	0.0111137956028026	0	0	0	0	0	0	0	0	0	0	0	0	0	0	0	0	0.0055568978014013	0	0	0	0.00289925102681807	0	0	0	0	0	0	0	0	0	0	0	0	0.0144962551340904	0	0	0	0	0	0	0	0	0	0.000724812756704518	0	0	0	0	0	0	0	0	0	0	0	0	0.00869775308045422	0	0	0.00241604252234839	0	0	0
ASCC183_4_24_0923_TP_1C_OM	0.040488922841864	0.0208810797046091	0	0	0	0.00611153552330023	0	0	0.0134963076139547	0.0379424497071556	0.0313216195569137	0.00509294626941686	0	0	0	0	0	0	0.0376878023936847	0	0.00127323656735421	0	0	0	0	0	0	0	0	0.0399796282149223	0	0	0	0	0	0	0	0.00305576776165011	0	0	0	0	0	0.00483829895594601	0	0	0	0.00407435701553349	0	0.0117137764196588	0	0	0	0	0	0	0	0.02113572701808	0.0089126559714795	0	0.0830150241914948	0	0	0	0	0.0300483829895595	0.0466004583651643	0.134199134199134	0	0.027501909854851	0.00280112044817927	0	0	0	0	0	0.141329258976318	0	0	0	0	0	0	0	0.0786860198624904	0	0	0.00432900432900433	0	0	0	0.0162974280621339	0.00916730328495034	0	0.00483829895594601	0	0	0	0	0	0.00738477209065444	0	0	0.0185892538833715	0	0.00229182582123759	0	0	0	0	0.0285204991087344	0	0	0	0	0	0	0	0.00254647313470843	0	0.0053475935828877	0.0267379679144385	0	0	0	0	0.00229182582123759	0	0	0	0.00636618283677107	0	0	0.00127323656735421	0	0	0.000509294626941686	0.00560224089635854	0	0	0	0	0.0112044817927171	0	0	0	0	0	0	0	0	0	0	0	0	0	0	0	0.00331041507512096	0	0.00254647313470843	0	0	0	0	0	0.000763941940412529	0	0	0	0	0	0	0	0	0	0.00101858925388337	0.00203717850776674	0.00483829895594601	0	0	0	0	0
ASCC185_15_101_0923_TP_1C_OM	0	0.00400355871886121	0	0	0	0.00444839857651246	0	0	0.00533807829181495	0	0	0	0	0	0	0	0	0	0.204403914590747	0	0.000444839857651246	0	0	0	0	0	0.0173487544483986	0	0	0.0304715302491103	0	0	0	0.0097864768683274	0	0	0	0.000444839857651246	0.0115658362989324	0	0	0	0	0.038923487544484	0	0	0.00956405693950178	0	0	0.0402580071174377	0	0	0	0	0.15702846975089	0	0	0	0.0286921708185053	0	0.0691725978647687	0	0	0	0.00244661921708185	0.00711743772241993	0.0484875444839858	0.0538256227758007	0	0	0.00422597864768683	0	0	0.05894128113879	0	0.0333629893238434	0	0	0	0	0	0	0	0	0	0	0	0.011788256227758	0	0	0	0	0	0	0	0	0	0.0122330960854093	0.00867437722419929	0	0	0.00533807829181495	0	0	0	0.00155693950177936	0	0	0	0.0120106761565836	0	0.00266903914590747	0	0	0	0.0204626334519573	0	0.0104537366548043	0.00733985765124555	0	0.00622775800711744	0	0	0	0.000444839857651246	0	0.000444839857651246	0	0	0	0	0	0	0	0	0	0	0.020017793594306	0	0	0	0	0	0	0	0	0	0	0	0.0209074733096085	0	0	0	0	0	0	0	0	0	0	0	0	0	0	0	0	0.00533807829181495	0.00244661921708185	0.00533807829181495	0.0028914590747331	0	0	0	0	0	0	0	0	0	0.00244661921708185	0.000667259786476868	0	0	0
ASCC186_9_60_0923_TP_1C_OM	0	0.00674623767514271	0	0.00588133540909877	0	0	0.0121086317246151	0.0119356512714063	0.0115896903649888	0	0	0	0	0	0.0543158623075592	0	0	0	0	0.00622729631551635	0.00345960906417575	0.211036152914721	0	0.00380556997059332	0	0.144957619788964	0.00657325722193392	0	0	0.0179899671337139	0	0	0	0	0	0	0	0.00449749178342847	0.0323473447500432	0	0	0	0	0.222106901920083	0	0	0	0	0	0.0055353745026812	0	0	0	0.0494724096177132	0	0	0	0.00224874589171424	0.00449749178342847	0	0	0	0	0	0	0	0	0	0	0	0	0	0	0.000518941359626362	0	0	0.000345960906417575	0	0	0.00363258951738454	0	0	0	0	0	0	0	0.00501643314305484	0	0	0.085452343885141	0.0115896903649888	0	0	0	0	0	0	0	0	0.0069192181283515	0	0	0.00518941359626362	0	0	0	0.0041515308770109	0	0	0	0	0	0	0	0	0	0	0	0	0	0	0	0	0	0	0.0055353745026812	0	0	0	0	0	0	0	0	0	0.0027676872513406	0	0	0	0	0	0	0	0	0	0.0216225566510984	0	0	0	0	0	0	0	0.00328662861096696	0	0.00795710084760422	0	0	0	0	0	0	0	0	0	0	0	0	0	0	0.0027676872513406	0.00985988583290088	0.0027676872513406	0	0	0.0013838436256703	0	0	0	0.00069192181283515	0	0	0.00121086317246151
ASCC189_13_87_0923_TP_1C_OM	0	0.00434782608695652	0	0	0	0	0	0	0	0	0.0115089514066496	0	0	0	0	0	0	0	0.0122762148337596	0	0	0	0	0	0	0.0672634271099744	0.09923273657289	0	0	0.0478260869565217	0	0	0	0	0	0	0	0.00946291560102302	0.00664961636828645	0	0	0	0	0	0	0.0150895140664962	0.120204603580563	0	0	0.0445012787723785	0	0.00971867007672634	0	0	0	0	0	0.029923273657289	0.0166240409207161	0	0	0	0	0.391048593350384	0	0.0051150895140665	0	0	0	0	0	0	0	0.0020460358056266	0	0.0145780051150895	0	0	0	0	0	0.00792838874680307	0	0	0	0	0	0	0	0	0	0	0	0	0.0107416879795396	0	0	0	0	0	0.00332480818414322	0	0	0	0	0	0	0	0	0.00946291560102302	0	0.0030690537084399	0	0	0	0	0.0186700767263427	0.00230179028132992	0.00485933503836317	0	0.00971867007672634	0	0	0	0	0	0.000767263427109974	0	0	0	0	0	0	0	0	0	0.00741687979539642	0.00332480818414322	0	0	0	0	0.00434782608695652	0	0	0	0	0	0	0	0	0	0	0	0	0	0	0	0	0	0	0	0	0	0	0	0.000767263427109974	0.00127877237851662	0	0	0.00127877237851662	0	0.0010230179028133	0	0	0	0.00230179028132992	0	0	0	0	0	0	0
ASCC245_76_0823_SF_1C_OM	0	0	0	0.00274641440341776	0	0	0	0	0	0	0	0	0	0	0.312480927677754	0.00366188587122368	0	0.270369240158682	0	0	0	0	0	0.0350930729325603	0.00976502898992981	0	0.034787915776625	0	0	0	0	0.00305157155935307	0.038754958803784	0.0100701861458651	0	0	0	0	0	0	0.00701861458651205	0.0744583460482148	0	0.111992676228258	0	0	0	0	0	0	0	0	0	0	0.00549282880683552	0	0	0	0	0	0	0	0.00091547146780592	0	0	0	0.00579798596277083	0	0	0	0	0	0	0	0	0	0	0	0.00305157155935307	0	0	0	0	0	0	0.00122062862374123	0	0	0	0	0	0	0	0	0	0	0	0	0	0.0125114433933476	0.0106805004577357	0	0	0.00762892889838267	0	0	0	0	0	0	0	0	0	0	0	0	0	0	0	0	0.00396704302715899	0	0	0	0	0	0	0	0	0.011901129081477	0	0	0	0	0	0	0	0	0	0	0	0	0	0	0	0	0	0	0	0	0.00610314311870613	0.00518767165090021	0.00335672871528837	0	0	0	0	0.00091547146780592	0	0	0	0.00244125724748245	0	0	0	0	0	0	0	0	0	0	0	0.00122062862374123	0	0.00213610009154715	0	0	0	0	0.00122062862374123	0	0	0
ASCC246_32_0823_SF_1C_OM	0	0	0	0	0.335960591133005	0	0	0.00394088669950739	0	0	0	0	0	0.000492610837438424	0.025615763546798	0.00467980295566502	0.0315270935960591	0.0189655172413793	0	0.00591133004926108	0	0	0	0.0938423645320197	0	0	0	0	0	0	0	0	0	0	0	0	0.0369458128078818	0	0	0	0	0	0.0524630541871921	0	0.0455665024630542	0	0	0	0.045320197044335	0	0	0	0	0	0	0	0	0.024384236453202	0.0349753694581281	0	0	0	0.00320197044334975	0	0	0	0	0	0.0416256157635468	0	0	0.0118226600985222	0	0	0	0	0	0.0315270935960591	0	0	0	0	0.0110837438423645	0	0	0.0233990147783251	0	0	0	0	0	0	0	0.00443349753694581	0	0	0	0	0	0	0	0	0	0	0	0	0	0	0.0312807881773399	0	0	0	0.0108374384236453	0.00591133004926108	0	0	0	0	0	0	0	0	0	0	0	0	0.00221674876847291	0	0	0.0241379310344828	0	0	0.00172413793103448	0	0.00320197044334975	0.0258620689655172	0	0	0	0.00123152709359606	0	0	0	0	0	0	0	0	0	0	0	0	0	0	0	0	0	0.0041871921182266	0	0	0	0	0	0	0	0	0	0	0	0	0	0	0	0	0	0.000738916256157636	0.000985221674876847	0	0	0	0	0	0	0
ASCC247_151_0823_SF_1C_OM	0	0	0	0.00343938091143594	0	0	0	0	0	0	0	0	0	0.0409859558612783	0.22585267985096	0	0	0	0	0.0246488965319576	0	0	0.00831183720263686	0.0432788764689023	0	0	0	0	0	0	0	0	0	0	0	0	0	0	0	0	0.0108913728862138	0	0	0	0	0	0	0	0	0	0.141014617368874	0	0	0	0	0	0.061908856405847	0	0	0.165950128976784	0	0.00630553167096589	0	0	0	0	0	0	0	0	0	0	0	0	0	0	0	0.00773860705073087	0	0	0.0621954714817999	0	0	0	0	0.0326741186586414	0.0321008885067355	0	0	0	0	0.0120378331900258	0	0	0	0	0	0	0	0	0	0	0	0	0.0444253367727142	0	0	0	0	0	0	0	0	0	0.00286615075952995	0	0	0	0	0	0	0	0.00487245629120092	0	0	0	0	0	0	0	0	0	0	0	0	0.0209229005445686	0	0	0	0.0108913728862138	0	0	0	0.00171969045571797	0.00315276583548295	0	0	0	0	0	0	0	0	0.0108913728862138	0	0	0	0.00315276583548295	0	0	0	0	0.00773860705073087	0	0	0.00888506735454285	0	0	0	0	0	0	0	0	0	0	0	0	0.00114646030381198	0	0	0	0	0
ASCC248_85_0823_SF_1C_OM	0	0.00387704237053448	0	0	0	0	0	0.0119080587094988	0	0	0	0.019939075048463	0	0	0.074494599833841	0.11714206590972	0	0.0855718637496538	0	0.241761284962614	0.0135696482968707	0	0.221545278316256	0	0	0	0	0	0	0	0	0	0.0196621434505677	0	0	0	0	0	0	0.0512323456106342	0	0	0.0440321240653559	0	0.0393242869011354	0	0	0	0	0	0	0	0	0	0	0	0	0	0	0	0	0	0	0	0	0	0	0	0.0055386319579064	0	0	0	0	0	0.0027693159789532	0	0	0.0027693159789532	0	0	0	0	0.0160620326779286	0	0	0	0	0	0	0	0	0	0	0	0	0	0.0168928274716145	0	0	0	0	0	0	0	0	0	0	0	0.00526170036001108	0	0	0	0.00526170036001108	0	0	0	0	0	0	0	0	0	0	0	0	0	0	0	0	0	0	0	0	0	0	0	0	0	0	0	0	0	0	0	0	0	0	0	0.0013846579894766	0	0	0	0	0	0	0	0	0	0	0	0	0	0	0	0	0	0	0	0	0	0	0	0	0	0	0	0	0	0	0	0	0	0	0
ASCC250_55_SF_0823_1C_OM	0	0	0	0.00252100840336134	0	0	0	0.0551820728291317	0	0	0	0	0	0	0	0	0.0182072829131653	0	0	0.0134453781512605	0	0	0	0.0106442577030812	0	0	0.00672268907563025	0	0.0123249299719888	0	0	0	0	0	0.527170868347339	0	0	0	0	0.0030812324929972	0	0.050140056022409	0.015406162464986	0	0.0484593837535014	0.00112044817927171	0	0	0	0	0	0	0	0	0	0.0151260504201681	0.00336134453781513	0	0	0	0	0	0	0	0	0	0	0	0	0	0	0	0	0	0	0	0	0	0	0	0.0204481792717087	0	0.00840336134453781	0	0.00588235294117647	0.00840336134453781	0	0.00112044817927171	0.0246498599439776	0	0	0	0	0	0	0	0	0	0	0	0.00448179271708683	0	0	0	0.00896358543417367	0	0	0.000560224089635854	0	0	0	0	0	0	0.105042016806723	0	0	0	0	0	0	0	0.00812324929971989	0	0	0	0	0	0	0.00420168067226891	0	0	0	0	0	0.00644257703081232	0	0	0	0.0030812324929972	0	0	0	0	0	0	0	0	0.00140056022408964	0	0.000560224089635854	0	0	0	0	0	0	0.00280112044817927	0	0	0	0	0.00252100840336134	0	0	0	0	0	0	0	0	0	0	0	0	0	0	0	0	0	0	0	0	0
ASCC251_5_0823_SF_1C_OM	0	0	0	0.00221283443975055	0	0	0	0	0	0	0	0	0.00985717159525247	0	0.0581371957352645	0.00885133775900221	0.0625628646147656	0.0529068597867632	0.00603500301750151	0.00523033594850131	0	0	0	0.0428485214242607	0	0	0	0	0.0673908670287668	0	0	0	0	0	0.00221283443975055	0	0	0	0	0.126936230134782	0.171192918929793	0.0585395292697646	0	0	0	0.0126735063367532	0	0	0	0	0.000804667069000201	0	0	0	0	0	0.0893180446590223	0.00442566887950111	0	0	0	0	0.0309796821565077	0	0	0	0	0.00683967008650171	0	0	0	0	0.0406356869845102	0	0	0	0	0	0	0	0	0	0	0	0	0.0110641721987528	0	0	0.0537115268557634	0	0	0.0032186682760008	0	0.0207201770267552	0	0	0	0	0	0	0	0	0	0	0.00663850331925166	0	0	0	0	0	0	0	0	0	0	0	0	0	0	0	0	0.0136793401730034	0	0.00402333534500101	0	0	0	0	0	0	0	0.00341983504325086	0	0	0.00100583383625025	0	0	0	0	0.00724200362100181	0	0	0	0.00643733655200161	0	0	0	0.00301750150875075	0	0	0	0	0	0	0	0	0	0	0	0.0020116676725005	0	0	0	0.000603500301750151	0	0.00261516797425065	0	0	0	0	0	0	0	0	0	0	0	0	0	0	0	0	0	0
ASCC252_84_0823_SF_1C_OM	0	0	0.0261096605744125	0	0	0	0	0.0239734156183242	0	0	0	0.00664609541894137	0	0	0.0348920009494422	0	0	0	0	0	0	0	0	0.366009969143128	0	0	0.0797531450272965	0	0	0	0	0	0.00664609541894137	0	0	0	0	0	0	0.0225492523142654	0	0	0.00759553762164728	0.0178020413007358	0	0	0	0	0	0.010443864229765	0	0	0	0	0	0	0.0234986945169713	0	0.00166152385473534	0	0	0.0021362449560883	0	0	0	0	0	0	0	0.0140042724899122	0	0	0	0	0	0	0	0.00830761927367672	0.0094944220270591	0	0.00332304770947069	0	0	0	0.00118680275338239	0.00522193211488251	0	0	0	0	0.0458105862805602	0	0	0	0	0.0144789935912651	0	0	0.0113933064324709	0	0.0111559458817944	0	0	0.0116306669831474	0	0	0	0	0	0	0	0	0	0	0.00284832660811773	0	0	0	0	0.0901970092570615	0	0	0.015428435793971	0	0.00450985046285307	0	0	0.0405886541656777	0	0	0	0	0.00189888440541182	0	0.0244481367196772	0	0	0	0	0	0	0	0	0.00379776881082364	0	0.00356040826014716	0	0	0	0	0.00094944220270591	0	0	0	0	0.0094944220270591	0	0	0	0.0185141229527652	0.0137669119392357	0	0	0	0	0	0	0	0	0	0	0.000712081652029433	0	0.00118680275338239	0	0	0.00118680275338239	0	0	0	0	0	0.00118680275338239	0
ASCC255_62_0823_SF_1C_OM	0	0.0469715698393078	0	0	0	0	0	0.0111248454882571	0	0	0	0.00494437577255871	0	0	0	0	0	0	0.102595797280593	0	0.00988875154511743	0	0	0.0333745364647713	0.0197775030902349	0	0	0	0	0	0	0	0	0	0	0	0	0	0	0	0	0	0	0.170580964153276	0.0111248454882571	0	0	0	0	0	0.0271940667490729	0	0	0	0	0	0	0	0	0	0.0123609394313968	0	0	0	0	0	0	0	0	0	0	0	0	0	0	0	0	0	0	0	0	0.0296662546353523	0.241038318912237	0	0	0.0358467243510507	0	0.0321384425216316	0	0	0	0	0	0	0	0	0	0	0	0	0	0	0	0	0.0185414091470952	0	0	0	0	0	0	0	0	0	0	0	0	0	0	0	0	0	0	0.00247218788627936	0	0	0	0	0.0123609394313968	0	0	0	0	0	0	0	0	0	0	0.0939431396786156	0	0	0.00741656365883807	0	0.0704573547589617	0	0	0	0	0	0	0	0	0	0	0	0	0	0	0	0	0	0	0	0	0	0	0	0	0	0	0	0	0	0	0	0	0	0	0	0.00247218788627936	0.00370828182941904	0	0
ASCC256_168_0823_SF_1C_OM	0	0	0.0186278964107224	0	0	0	0	0	0	0	0	0	0	0	0.354838709677419	0.0145388459791004	0	0.0467969104952294	0	0	0	0	0	0.0308950477055884	0	0	0.00408905043162199	0	0	0	0	0	0	0	0	0	0	0	0.00318037255792821	0	0	0	0.154020899591095	0	0.0717855520218083	0	0	0	0	0	0	0	0	0	0	0	0.0154475238527942	0.0336210813266697	0.00954111767378464	0	0	0	0.0249886415265788	0	0	0	0	0	0	0	0	0	0.00408905043162199	0	0	0	0	0.00681508405270332	0	0	0	0	0.00772376192639709	0	0	0.00772376192639709	0	0	0	0	0	0	0	0	0	0.0159018627896411	0	0	0	0	0.00999545661063153	0	0	0	0	0	0	0	0.00545206724216265	0	0	0	0.0177192185370286	0.0145388459791004	0	0	0.0140845070422535	0	0	0	0	0	0	0	0	0	0	0	0.0172648796001817	0	0	0	0	0	0	0.0195365742844162	0	0	0	0.0159018627896411	0	0	0	0	0	0.00545206724216265	0	0	0.0181735574738755	0	0.00454338936846888	0	0	0.0127214902317129	0	0	0	0	0	0.0145388459791004	0	0.00227169468423444	0	0	0	0	0	0	0	0	0	0	0	0.00318037255792821	0	0	0	0	0	0	0	0	0	0
ASCC257_75_0823_SF_1C_OM	0.00929614873837981	0.0030354771390628	0	0	0	0	0	0.00891671409599696	0	0	0	0.00417378106621135	0	0	0.0405995067349649	0.0271295769303737	0	0.120470498956555	0	0.0191614494403339	0	0	0	0.0369948776323278	0	0	0	0	0	0.0189717321191425	0	0	0	0	0.000569151963574274	0	0	0.101309049516221	0.14114968696642	0.0462910263707076	0	0	0.0358565737051793	0.00948586605957124	0	0	0	0	0.140011383039271	0.00341491178144565	0	0	0	0	0	0	0	0.00796812749003984	0.00569151963574274	0	0.0142287990893569	0	0.00626067159931702	0	0	0	0	0	0.00170745589072282	0.00701954088408272	0	0.0645038892050844	0.00607095427812559	0	0	0	0	0	0	0	0	0	0	0	0	0.0015177385695314	0	0.00739897552646557	0	0	0	0	0	0	0	0.0216277746158224	0	0	0.00208689053310567	0	0	0	0	0	0	0	0	0	0.0375640295959021	0	0	0	0	0.0104344526655284	0	0.000758869284765699	0	0	0	0	0	0	0	0	0.00322519446025422	0	0	0	0	0	0	0.00436349838740277	0	0	0	0	0	0	0.00246632517548852	0	0.00701954088408272	0	0	0	0	0	0	0.0147979510529311	0	0	0	0	0	0	0	0	0.0045532157085942	0	0	0	0	0	0	0	0	0	0	0	0	0	0	0	0	0.000948586605957124	0	0	0	0	0	0	0.000948586605957124	0	0	0
ASCC258_57_0823_SF_1C_OM	0	0.0193482688391039	0.0689069925322471	0.00610997963340122	0	0	0	0.0190088255261371	0	0	0	0	0.0200271554650373	0	0.106245756958588	0.00712830957230143	0.00577053632043449	0	0.00305498981670061	0	0	0	0	0.0315682281059063	0	0	0.0254582484725051	0	0	0.0135777325186694	0	0	0.00814663951120163	0	0	0	0	0.0010183299389002	0.0478615071283096	0	0	0	0.00509164969450102	0.0492192803801765	0	0.00441276306856755	0	0	0	0.0790902919212492	0	0	0	0	0	0	0.0190088255261371	0.0183299389002037	0.00577053632043449	0	0.00441276306856755	0	0.1642905634759	0	0.000678886625933469	0	0	0	0	0.0224032586558045	0	0	0.00475220638153428	0	0	0.0010183299389002	0	0	0.0112016293279022	0	0	0	0.0108621860149355	0	0	0.01663272233537	0	0.00814663951120163	0	0	0.0105227427019688	0	0	0.0145960624575696	0	0.0631364562118126	0	0	0	0	0	0	0	0	0	0	0	0	0	0	0	0.00475220638153428	0	0.00407331975560081	0	0	0	0	0	0	0	0.0220638153428377	0	0	0	0	0	0	0	0	0	0	0.00305498981670061	0.00135777325186694	0.00746775288526816	0.0200271554650373	0.00135777325186694	0.000678886625933469	0	0	0	0	0	0.00271554650373388	0	0	0	0.00712830957230143	0	0	0	0.0210454854039375	0.000678886625933469	0	0	0	0	0	0	0	0.00169721656483367	0	0	0	0	0.00339443312966735	0	0	0	0	0	0	0	0	0	0	0	0.00169721656483367	0	0	0	0	0	0
ASCC259_37_0823_SF_1C_OM	0.0101565806178587	0.0133305120609395	0.0247566652560305	0	0.00465509944985188	0.0131189166314008	0	0.00507829030892933	0	0	0	0.00275074058400339	0	0	0.0691917054591621	0.0135421074904782	0	0.0363944138806602	0.0211595429538722	0.0247566652560305	0.00888700804062632	0	0	0.0628438425730004	0.00211595429538722	0	0.0103681760473974	0	0.0110029623360135	0	0	0.0107913669064748	0	0	0	0	0.00211595429538722	0	0.0964875158696572	0.0148116800677105	0	0	0	0.0543800253914515	0	0.00804062632247144	0.0239102835378756	0	0.0048666948793906	0.00317393144308083	0	0	0	0	0.00148116800677105	0	0	0.0245450698264917	0.0230639018197207	0	0.0048666948793906	0	0.0596699111299196	0	0	0	0	0	0	0.0116377486246297	0	0.0124841303427846	0.00105797714769361	0	0	0	0	0	0.0112145577655523	0.0048666948793906	0	0	0	0	0	0.00507829030892933	0	0.016716038933559	0	0	0	0	0	0.0139652983495556	0	0.0196783749471011	0	0	0	0	0.00804062632247144	0	0	0	0	0.0359712230215827	0.0325856961489632	0	0	0	0	0.0156580617858654	0.00931019889970377	0.0222175201015658	0	0	0	0	0	0.0116377486246297	0	0	0	0.0196783749471011	0	0.0232754972492594	0	0	0	0	0	0.0131189166314008	0	0.00169276343630978	0.00169276343630978	0	0	0	0.00528988573846805	0	0.0150232754972493	0	0	0	0.00846381718154888	0	0	0	0.00634786288616166	0	0.00211595429538722	0	0	0	0	0	0	0	0	0	0.00105797714769361	0.00105797714769361	0	0	0	0.00105797714769361	0	0	0	0	0	0	0	0	0	0	0.000846381718154888	0	0.000423190859077444	0	0	0	0.000423190859077444	0
ASCC263_122_0823_SF_1C_OM	0	0.0271831464492015	0	0	0	0	0	0.0988786952089704	0	0	0	0.0268433571185865	0.129119945633707	0	0.018348623853211	0.0224260958205912	0.00373768263676521	0	0.322799864084268	0	0	0	0	0.0101936799184506	0	0	0	0	0	0	0	0	0	0	0	0	0	0	0	0	0	0	0	0.0387359836901121	0	0	0	0	0.054026503567788	0	0	0	0	0	0	0	0	0.00305810397553517	0	0.0261637784573564	0	0	0	0	0	0	0	0	0	0	0	0	0	0	0	0	0	0.00135915732246007	0	0	0	0	0.0577641862045532	0	0	0.000679578661230037	0	0	0	0	0	0.00747536527353041	0	0	0	0.0169894665307509	0.0268433571185865	0	0	0	0	0	0	0	0	0	0.0373768263676521	0	0	0	0	0	0	0	0.0159700985389059	0	0	0	0	0	0	0	0	0	0	0.0054366292898403	0	0	0	0.00611620795107034	0	0	0	0	0	0	0	0	0	0.0118926265715257	0	0	0	0	0	0.000679578661230037	0	0	0	0	0	0	0	0	0	0	0.00373768263676521	0	0	0	0	0	0.0152905198776758	0.00135915732246007	0	0	0	0	0	0	0	0	0	0.00747536527353041	0	0	0	0	0	0	0	0	0.00203873598369011	0
ASCC264_101_0823_SF_1C_OM	0	0	0.0140532544378698	0.0465976331360947	0	0	0	0.0140532544378698	0	0	0	0	0	0	0	0	0	0	0	0	0	0	0	0.124260355029586	0	0	0.0495562130177515	0	0	0	0	0	0	0	0	0	0	0.011094674556213	0	0	0	0	0	0.0650887573964497	0	0	0	0	0	0	0	0	0	0	0	0	0	0	0	0.196005917159763	0	0.00739644970414201	0	0	0	0	0	0	0	0	0	0	0	0	0.0022189349112426	0	0	0	0	0	0.0177514792899408	0	0	0.00369822485207101	0	0.0125739644970414	0	0	0.0155325443786982	0	0	0.0236686390532544	0	0	0	0.0465976331360947	0	0	0	0.0214497041420118	0	0	0	0	0.0140532544378698	0	0	0	0	0	0	0	0	0.0510355029585799	0	0	0	0	0	0	0	0	0	0	0	0.0562130177514793	0	0	0.0872781065088757	0	0	0	0	0	0	0	0	0	0	0	0	0	0	0	0	0.0244082840236686	0	0	0	0	0.0621301775147929	0.0170118343195266	0.0022189349112426	0	0	0	0	0.00369822485207101	0	0	0	0	0	0	0	0	0	0	0	0	0	0	0	0.0103550295857988	0	0	0	0	0	0	0	0	0	0
ASCC266_139_0823_SF_1C_OM	0.310153846153846	0	0	0	0	0	0.612923076923077	0	0.0172307692307692	0	0	0	0	0	0	0	0	0	0	0	0	0	0	0.00246153846153846	0	0	0	0	0	0	0	0	0.00923076923076923	0	0	0	0	0	0	0	0	0.0338461538461538	0	0	0	0	0	0	0	0	0	0	0	0	0	0	0	0	0	0	0	0.0141538461538462	0	0	0	0	0	0	0	0	0	0	0	0	0	0	0	0	0	0	0	0	0	0	0	0	0	0	0	0	0	0	0	0	0	0	0	0	0	0	0	0	0	0	0	0	0	0	0	0	0	0	0	0	0	0	0	0	0	0	0	0	0	0	0	0	0	0	0	0	0	0	0	0	0	0	0	0	0	0	0	0	0	0	0	0	0	0	0	0	0	0	0	0	0	0	0	0	0	0	0	0	0	0	0	0	0	0	0	0	0	0	0	0	0	0	0	0	0	0	0	0	0	0
ASCC267_26_0823_SF_1C_OM	0	0	0.0255181502336169	0.0071882113334132	0	0	0	0.012339762789026	0	0	0	0	0.0103031029112256	0.0156942614112855	0	0	0	0.119563915179106	0	0	0	0	0.0113813346112376	0.0282736312447586	0.186653887624296	0	0.000958428177788427	0	0	0	0.176470588235294	0	0	0	0	0	0	0.00275548101114173	0	0.00467233736671858	0.187732119324308	0.0148556367557206	0	0	0	0	0	0	0	0.00203665987780041	0	0	0	0	0	0	0.00766742542230742	0	0	0.0188091529890979	0	0	0	0	0	0	0	0	0	0	0	0	0.015814064933509	0	0	0	0	0	0	0	0.0273152030669702	0	0.0135377980112615	0	0	0.00347430214448305	0.00634958667784833	0	0	0	0	0.00467233736671858	0	0	0	0	0	0	0	0.0390559482448784	0	0	0	0	0	0	0	0.0131783874445909	0	0.00167724931112975	0	0	0	0	0	0	0	0	0	0	0	0.0087456571223194	0.00299508805558883	0	0	0.00455253384449503	0	0	0.0087456571223194	0	0.00287528453336528	0.000838624655564874	0.00071882113334132	0	0.00563076554450701	0	0	0	0	0.00071882113334132	0	0	0	0	0.00167724931112975	0	0	0.000838624655564874	0	0	0	0	0	0	0	0	0	0.00215646340002396	0	0	0	0	0	0.00035941056667066	0	0.00119803522223553	0	0	0	0	0	0	0	0	0	0	0	0	0	0	0	0	0	0
ASCC268_27_0823_SF_1C_OM	0	0	0	0.00574712643678161	0	0	0	0	0	0	0	0	0	0	0	0.00893997445721584	0	0.0351213282247765	0	0.0140485312899106	0.0159642401021711	0	0	0.0587484035759898	0.00127713920817369	0	0	0	0	0	0.00383141762452107	0	0.0172413793103448	0	0	0	0	0	0	0	0	0	0	0	0.64367816091954	0	0	0	0	0	0	0	0	0	0	0	0	0	0	0	0	0.00446998722860792	0	0	0	0	0	0	0	0	0	0.0114942528735632	0	0	0	0	0	0	0	0	0.033205619412516	0	0.00127713920817369	0	0	0.00255427841634738	0.0140485312899106	0	0	0	0.0070242656449553	0	0	0	0	0	0	0	0	0	0	0	0	0	0	0	0	0	0.00255427841634738	0	0	0	0.0146871008939974	0	0	0	0	0	0	0	0	0	0	0	0	0	0	0	0.0178799489144317	0	0	0	0	0	0	0	0	0	0	0	0	0	0	0	0	0	0	0	0	0	0	0	0	0.0383141762452107	0	0	0	0.00510855683269476	0	0	0	0.0427841634738186	0	0	0	0	0	0	0	0	0	0	0	0	0	0	0	0	0	0	0	0	0	0
ASCC269_162_0823_SF_1C_OM	0	0	0.0101908065915004	0	0	0	0	0	0	0	0	0	0	0.00498699045967043	0.0810928013876843	0	0.112532523850824	0.0928013876843018	0	0.00520381613183001	0	0	0	0.029705117085863	0	0	0	0	0	0	0	0	0	0.00433651344319167	0	0	0	0	0.00520381613183001	0.0114917606244579	0	0	0	0	0	0	0	0	0.0643972246313964	0	0	0	0	0	0	0	0.0117085862966175	0.00195143104943625	0	0.072419774501301	0.0132263660017346	0	0.00628794449262793	0	0	0	0	0	0.125758889852559	0	0	0	0.034908933217693	0	0	0	0	0	0	0	0	0	0	0	0	0.0093235039028621	0.00542064180398959	0.0184301821335646	0.0153946227233304	0	0	0.00455333911535126	0	0	0	0	0.00173460537727667	0	0.0205984388551604	0	0	0	0	0	0.0242844752818734	0	0	0.00195143104943625	0.00173460537727667	0	0	0	0	0.00780572419774501	0.0689505637467476	0	0	0	0	0.0106244579358196	0	0	0	0	0.00455333911535126	0	0	0	0	0.0483521248915872	0	0.0067215958369471	0	0	0	0.01040763226366	0	0	0	0	0	0	0	0	0	0	0	0	0.0013009540329575	0	0.0119254119687771	0.0106244579358196	0	0	0	0.0164787510841284	0	0	0	0.00281873373807459	0	0	0.00303555941023417	0	0	0	0	0	0	0	0	0	0	0.00477016478751084	0	0	0	0	0	0	0	0	0	0
ASCC270_138_0823_SF_1C_OM	0	0	0	0.0247655686463092	0	0	0	0.0204376051935561	0	0	0	0	0.0360663621062755	0.219523924020197	0.135609521519596	0.025006011060351	0	0.0163500841548449	0	0	0	0	0.00336619379658572	0.0384707862466939	0	0	0.0327001683096898	0	0	0	0	0	0	0.0269295503726857	0	0.0334214955518153	0	0	0	0	0	0	0	0	0	0	0	0	0	0	0	0	0	0.0189949507093051	0	0	0	0	0	0	0	0.00360663621062755	0.0177927386390959	0	0	0	0	0	0	0	0	0.00889636931954797	0.00601106035104592	0	0	0	0	0.0045684058667949	0	0	0.0218802596778072	0	0.00504929069487858	0.0918490021639817	0	0.0064919451791296	0.00889636931954797	0.0151478720846357	0	0	0	0.00985813897571532	0	0.0201971627795143	0	0	0	0	0	0	0	0	0	0	0.0134647751863429	0	0	0	0	0	0	0	0	0	0	0	0	0	0	0	0	0	0.0209184900216398	0	0.0156287569127194	0.00841548449146429	0	0	0.0091368117335898	0	0	0.0262082231305602	0.00216398172637653	0	0	0	0	0	0	0.0286126472709786	0	0	0	0	0	0.0168309689829286	0	0	0	0	0	0	0.00168309689829286	0	0	0	0	0.00312575138254388	0	0	0	0	0	0	0	0	0	0	0	0	0	0	0	0	0	0	0	0	0.00120221207020918	0	0	0	0.000721327242125511	0
ASCC272_43_0823_SF_1C_OM	0.00765483646485734	0.0141498492229181	0	0.00173973556019485	0	0	0	0.00231964741359313	0	0.000231964741359313	0	0	0	0.0128740431454419	0	0	0	0	0	0.00510322430990489	0	0	0	0.00742287172349803	0	0	0.00661099512874043	0	0.0485966133147762	0	0.0182092321967061	0	0	0	0	0	0	0.301206216655068	0.0560194850382742	0	0.0208768267223382	0	0	0	0	0.00069589422407794	0.00220366504291348	0	0	0.00568313616330318	0	0.299582463465553	0	0	0	0.00823474831825563	0	0.00104384133611691	0.0115982370679657	0	0.0279517513337973	0	0.00997448387845047	0	0.000231964741359313	0	0	0	0	0.0172813732312688	0	0	0	0.00185571793087451	0	0.00289955926699142	0	0	0	0	0.00243562978427279	0.0117142194386453	0	0.0169334261192299	0	0.000811876594757597	0	0.0061470656460218	0	0	0	0	0	0.00301554163767107	0	0	0.00452331245650661	0	0	0	0	0	0	0	0	0	0	0.00162375318951519	0	0	0	0.00498724193922524	0	0.00278357689631176	0	0.000463929482718627	0	0.00162375318951519	0.00753885409417768	0	0	0	0	0	0.00533518905126421	0	0	0.0085826954302946	0	0	0.00417536534446764	0	0	0	0	0	0	0.00115982370679657	0.00545117142194386	0	0.00487125956854558	0.00127580607747622	0	0	0	0	0	0	0.00672697749942009	0	0	0	0.00231964741359313	0.000811876594757597	0	0	0.000927858965437254	0	0	0	0	0	0	0	0	0	0	0	0	0	0	0	0	0	0	0.00115982370679657	0	0.00034794711203897	0	0	0	0	0	0
ASCC273_112_0823_SF_1C_OM	0	0	0	0	0.342480453778936	0	0	0.000766518473095202	0	0	0	0.0110378660125709	0	0	0.0856967652920435	0	0.26521539169094	0	0	0.00475241453319025	0	0	0	0.022688946803618	0	0	0.00199294803004752	0	0	0	0	0	0.0131841177372375	0	0	0	0	0	0	0	0	0	0.0183964433542848	0	0.0728192549440441	0	0	0	0	0	0	0	0	0	0	0	0.000766518473095202	0.00413919975471409	0	0	0	0	0.00122642955695232	0	0	0	0.0015330369461904	0	0	0	0	0	0	0	0	0	0	0.0022995554192856	0	0	0.00352598497623793	0	0	0.00505902192242833	0	0.0239153763605703	0.0179365322704277	0	0	0	0	0.00827839950942818	0	0.00904491798252338	0	0	0	0	0	0	0	0	0	0.00858500689866626	0	0	0	0	0.00352598497623793	0	0	0	0	0.00122642955695232	0.00107312586233328	0	0	0	0	0	0	0	0	0.00245285911390465	0	0	0	0	0.0268281465583321	0	0	0	0.00122642955695232	0	0	0	0	0	0.0087383105932853	0.00214625172466656	0	0	0	0	0	0	0	0	0	0	0.0210026061628085	0	0	0	0	0.00137973325157136	0	0.00137973325157136	0	0	0	0	0.000459911083857121	0	0	0.00122642955695232	0	0	0	0	0	0	0	0	0	0.00168634064080944	0	0.000306607389238081	0	0	0	0	0	0
ASCC274_40_0823_SF_1C_OM	0	0.00138135175135668	0.155204736063147	0.00582141095214603	0	0	0	0.0085841144548594	0	0.000493339911198816	0	0	0	0	0	0.0010853478046374	0	0.0242723236309817	0	0	0	0.0105574740996547	0.00128268376911692	0.0106561420818944	0.179773063640849	0.00641341884558461	0	0	0	0.0101628021706956	0	0	0.00286137148495313	0	0	0	0	0	0	0	0.151455352738037	0.0181549087321164	0	0	0	0	0	0	0	0	0	0	0	0	0	0.260187469166256	0	0	0	0.0168722249629995	0	0	0	0	0	0	0	0	0	0	0	0	0	0	0	0	0	0	0	0	0	0	0	0	0.0516033547113962	0.00157868771583621	0	0	0.0269363591514554	0	0	0	0	0	0	0.00740009866798224	0	0	0	0.0162802170695609	0.00236803157375432	0	0	0	0	0	0	0	0	0	0	0	0	0	0	0	0	0	0	0	0	0	0	0	0	0	0	0	0	0	0	0	0	0	0	0	0	0	0	0	0	0	0.00355204736063148	0	0.00651208682782437	0	0	0	0	0	0	0	0	0	0	0.00759743463246177	0	0	0	0	0	0	0.00256536753823384	0	0	0.00809077454366058	0	0	0	0	0	0	0	0	0	0	0	0	0	0	0.00029600394671929	0	0	0
ASCC275_125_0823_SF_1C_OM	0	0.00865696765660695	0	0	0	0	0	0	0	0	0	0.000601178309486594	0	0	0.111939401226404	0.0121438018516292	0.000240471323794638	0.0779127089094625	0	0.00360706985691956	0.00240471323794638	0	0	0.0121438018516292	0	0	0.0107009739088614	0	0	0	0	0	0	0	0	0	0	0	0.161596729589996	0	0	0	0.00108212095707587	0	0	0.0217626548034147	0	0	0	0	0	0	0	0.00889743898040159	0	0	0	0.00697366839004449	0.00264518456174101	0	0	0	0.0217626548034147	0	0	0	0	0	0	0.000360706985691956	0	0	0.138751953829506	0	0	0	0	0	0.209811230010821	0	0	0.0347481062883251	0	0.000360706985691956	0	0.00156306360466514	0	0.00697366839004449	0	0	0	0	0	0.00156306360466514	0	0.0260911386317182	0	0	0	0	0	0	0	0	0	0.00745461103763376	0	0	0	0	0	0.00216424191415174	0	0.0337862209931466	0	0	0	0	0	0	0	0	0	0.00420824816640616	0	0.00853673199470963	0	0.00432848382830347	0	0	0	0.00396777684261152	0	0	0	0	0	0	0	0	0.0204400625225442	0	0	0	0	0	0	0.0120235661897319	0.00156306360466514	0	0	0.00829626067091499	0	0	0	0	0.000841649633281231	0	0	0.000721413971383913	0.00156306360466514	0	0.000240471323794638	0.00288565588553565	0	0	0.00120235661897319	0	0	0	0	0	0	0	0	0	0	0	0	0	0	0	0.000480942647589275	0
ASCC276_64_0823_SF_1C_OM	0	0	0.0194393576560079	0	0.0112691928440625	0	0	0	0	0	0	0.00295816312156642	0	0	0.16579799971827	0.00746584025919144	0.326947457388365	0	0.0339484434427384	0	0	0	0.00140864910550782	0.0270460628257501	0	0	0.0030990280321172	0	0	0	0	0	0	0	0	0	0	0	0	0	0	0	0.0157768699816876	0	0.0350753627271447	0.000563459642203127	0	0	0.0164811945344415	0	0.115790956472743	0	0	0	0	0.0467671503028596	0	0	0.0102831384702071	0	0	0	0.00577546133258205	0	0	0	0	0	0.00126778419495704	0	0	0	0	0	0.00591632624313284	0	0	0.00211297365826173	0	0	0	0	0.00493027186927736	0	0	0.00169037892660938	0.00633892097478518	0	0.0321171996055783	0	0	0.00493027186927736	0	0	0	0	0	0	0	0	0	0	0	0	0	0	0	0	0.018735033103254	0.00662065079588675	0	0	0.00281729821101564	0.00605719115368362	0	0	0.0015495140160586	0	0	0.00605719115368362	0	0	0.00323989294266798	0.00704324552753909	0	0	0	0	0	0	0	0	0	0	0.00253556838991407	0.00126778419495704	0	0	0.00422594731652345	0.00183124383716016	0.0100014086491055	0	0	0	0	0	0	0	0	0	0	0.0046485420481758	0	0	0	0.0101422735596563	0	0	0	0	0	0	0.00450767713762502	0.00140864910550782	0	0	0	0	0	0	0	0	0	0	0	0.000704324552753909	0	0	0	0	0	0	0.00140864910550782	0
ASCC288_8_0823_SF_1C_OM	0	0.00600315955766193	0	0.0028436018957346	0.00157977883096367	0	0	0.0312796208530806	0	0	0	0	0	0.0148499210110585	0	0.0129541864139021	0.0028436018957346	0.174723538704581	0	0.0925750394944708	0.00157977883096367	0	0	0.0173775671406003	0	0	0	0	0	0	0	0	0	0	0	0	0	0	0.0502369668246445	0	0	0	0	0	0	0	0	0	0	0.00221169036334913	0	0	0	0	0	0	0.0154818325434439	0.00600315955766193	0.140600315955766	0	0	0	0.0262243285939968	0	0	0	0	0	0.00126382306477093	0.00568720379146919	0	0.0436018957345972	0.0726698262243286	0.00347551342812006	0	0	0	0	0	0	0	0.0445497630331754	0.00505529225908373	0	0	0.00252764612954186	0	0.0565560821484992	0	0	0	0	0.0110584518167457	0	0	0.00537124802527646	0	0	0	0	0	0	0	0	0	0.0252764612954186	0	0	0	0	0	0.0037914691943128	0	0.0101105845181675	0	0	0.0139020537124803	0.0037914691943128	0	0	0	0	0	0	0.00568720379146919	0	0	0.0028436018957346	0	0.00221169036334913	0	0.0123222748815166	0	0	0	0	0	0	0	0	0	0	0	0	0	0	0	0.0139020537124803	0.0116903633491311	0	0	0	0	0.0249605055292259	0	0	0	0	0	0.00410742496050553	0.0018957345971564	0	0	0.00568720379146919	0	0	0	0	0	0	0	0	0	0.00600315955766193	0	0	0	0	0.000631911532385466	0	0	0	0	0
