genome	3-Hydroxypropionate bi-cycle	"Acetyl-CoA pathway, CO2 => acetyl-CoA"	"Citrate cycle (TCA cycle, Krebs cycle)"	Dicarboxylate-hydroxybutyrate cycle	"Entner-Doudoroff pathway, glucose-6P => glyceraldehyde-3P + pyruvate"	"Glycolysis (Embden-Meyerhof pathway), glucose => pyruvate"	Glyoxylate cycle	Hydroxypropionate-hydroxybutylate cycle	"Methanogenesis, CO2 => methane"	Pentose phosphate pathway (Pentose phosphate cycle)	Reductive acetyl-CoA pathway (Wood-Ljungdahl pathway)	Reductive citrate cycle (Arnon-Buchanan cycle)	Reductive pentose phosphate cycle (Calvin cycle)	"Complex I: NAD(P)H:quinone oxidoreductase, chloroplasts and cyanobacteria"	Complex I: NADH dehydrogenase (ubiquinone) 1 alpha subcomplex	"Complex I: NADH:quinone oxidoreductase, prokaryotes"	"Complex II: Fumarate reductase, prokaryotes"	Complex II: Succinate dehydrogenase (ubiquinone)	"Complex II: Succinate dehydrogenase, prokaryotes"	Complex III: Cytochrome bc1 complex	Complex III: Cytochrome bc1 complex respiratory unit	Complex III: Cytochrome bd ubiquinol oxidase	Complex IV High affinity: Cytochrome bd ubiquinol oxidase	"Complex IV High affinity: Cytochrome c oxidase, cbb3-type"	Complex IV Low affinity: Cytochrome aa3-600 menaquinol oxidase	Complex IV Low affinity: Cytochrome c oxidase	"Complex IV Low affinity: Cytochrome c oxidase, prokaryotes"	Complex IV Low affinity: Cytochrome o ubiquinol oxidase	"Complex V: F-type ATPase, eukaryotes"	"Complex V: F-type ATPase, prokaryotes and chloroplasts"	"Complex V: V-type ATPase, eukaryotes"	"Complex V: V/A-type ATPase, prokaryotes"	CAZy: Alpha-galactans	CAZy: Alpha-mannan	CAZy: Amorphous Cellulose	CAZy: Arabinan	CAZy: Arabinose cleavage	CAZy: Beta-galactan (pectic galactan)	CAZy: Beta-mannan	CAZy: Chitin	CAZy: Crystalline Cellulose	CAZy: Fucose Cleavage	CAZy: Mixed-Linkage glucans	CAZy: Mucin	CAZy: Pectin	CAZy: Polyphenolics	CAZy: Rhamnose cleavage	CAZy: Starch	CAZy: Sulf-Polysachharides	CAZy: Xylans	CAZy: Xyloglucan	Methanogenesis and methanotrophy: Key functional gene	"Methanogenesis and methanotrophy: acetate => methane, pt 1"	"Methanogenesis and methanotrophy: acetate => methane, pt 2"	"Methanogenesis and methanotrophy: acetate => methane, pt 3"	Methanogenesis and methanotrophy: dimethylamine => monomethylamine	"Methanogenesis and methanotrophy: methane => methanol, with oxygen (mmo)"	"Methanogenesis and methanotrophy: methane => methanol, with oxygen (pmo)"	Methanogenesis and methanotrophy: methanol => methane	Methanogenesis and methanotrophy: monomethylamine => ammonia	Methanogenesis and methanotrophy: putative but not defining CO2 => methane	Methanogenesis and methanotrophy: trimethylamine => dimethylamine	Nitrogen metabolism: Bacterial (aerobic-specific) ammonia oxidation	Nitrogen metabolism: Bacterial (anaerobic-specific) ammonia oxidation	Nitrogen metabolism: Bacterial/Archaeal ammonia oxidation	Nitrogen metabolism: Dissimilatory nitrite reduction to ammonia (DNRA)	Nitrogen metabolism: Nitrogen fixation altennative	Nitrogen metabolism: ammonia => nitrite	Nitrogen metabolism: nitrate => nitrite	Nitrogen metabolism: nitric oxide => nitrous oxide	Nitrogen metabolism: nitrite => nitric oxide	Nitrogen metabolism: nitrite=> nitrate	Nitrogen metabolism: nitrogen => ammonia	Nitrogen metabolism: nitrous oxide => nitrogen	Other Reductases: TMAO reductase	"Other Reductases: arsenate reduction, pt 1"	"Other Reductases: arsenate reduction, pt 2"	Other Reductases: mercury reduction	Other Reductases: selenate/Chlorate reduction	Photosynthesis: Photosystem I	Photosynthesis: Photosystem II	SCFA and alcohol conversions: Alcohol production	"SCFA and alcohol conversions: Butyrate, pt 1"	"SCFA and alcohol conversions: Butyrate, pt 2"	"SCFA and alcohol conversions: Propionate, pt 1"	"SCFA and alcohol conversions: Propionate, pt 2"	"SCFA and alcohol conversions: acetate, pt 1"	"SCFA and alcohol conversions: acetate, pt 2"	"SCFA and alcohol conversions: acetate, pt 3"	SCFA and alcohol conversions: lactate D	SCFA and alcohol conversions: lactate L	SCFA and alcohol conversions: pyruvate => acetyl CoA v1	SCFA and alcohol conversions: pyruvate => acetyl CoA v2	SCFA and alcohol conversions: pyruvate => acetylCoA f+ formate v3	"Sulfur metabolism: Thiosulfate oxidation by SOX complex, thiosulfate => sulfate"	Sulfur metabolism: dissimilatory sulfate reduction (and oxidation) sulfate => sulfide	Sulfur metabolism: tetrathionate => thiosulfate	Sulfur metabolism: thiosulfate => sulfite
BV_3control_bin.2	0	0	1	0.46153846153846156	0.5	0.8888888888888888	1	0.21428571428571427	0	1	0.14285714285714285	0.8	0.45454545454545453	0.2727272727272727	0	0.5714285714285714	0	0	0.5	0.1	0.3333333333333333	0.6666666666666666	0.6666666666666666	0.3333333333333333	0	0.066666667	1	0	0.066666667	1	0	0	FALSE	FALSE	TRUE	FALSE	FALSE	FALSE	FALSE	FALSE	FALSE	FALSE	TRUE	FALSE	FALSE	FALSE	FALSE	FALSE	FALSE	FALSE	FALSE	FALSE	TRUE	TRUE	TRUE	FALSE	FALSE	FALSE	FALSE	FALSE	FALSE	FALSE	FALSE	FALSE	FALSE	FALSE	FALSE	FALSE	FALSE	FALSE	FALSE	FALSE	FALSE	FALSE	FALSE	TRUE	FALSE	FALSE	FALSE	FALSE	FALSE	TRUE	FALSE	FALSE	FALSE	FALSE	TRUE	FALSE	FALSE	FALSE	FALSE	FALSE	TRUE	FALSE	FALSE	FALSE	FALSE	FALSE
BV_C1_S2_bin.72	0	0	0.875	0.3076923076923077	0.5	0.6666666666666666	0.8	0.21428571428571427	0	1	0.14285714285714285	0.6	0.6363636363636364	0	0	0.9285714285714286	0	0	1	0	0.3333333333333333	0	0	0.75	0	0.066666667	1	0	0	1	0	0	FALSE	FALSE	FALSE	FALSE	FALSE	FALSE	FALSE	FALSE	FALSE	FALSE	FALSE	FALSE	FALSE	FALSE	FALSE	FALSE	FALSE	FALSE	FALSE	FALSE	TRUE	FALSE	FALSE	FALSE	FALSE	FALSE	FALSE	FALSE	FALSE	FALSE	FALSE	FALSE	FALSE	FALSE	FALSE	FALSE	FALSE	FALSE	FALSE	FALSE	FALSE	FALSE	FALSE	FALSE	FALSE	FALSE	FALSE	FALSE	FALSE	TRUE	FALSE	FALSE	FALSE	FALSE	FALSE	FALSE	FALSE	FALSE	FALSE	TRUE	TRUE	FALSE	FALSE	FALSE	FALSE	FALSE
BV_C1_S2_prok_bin.88	0.25	0	1	0.46153846153846156	0.75	0.7777777777777778	0.6	0.071428571	0.125	0.7142857142857143	0.2857142857142857	0.7	0.8181818181818182	0	0	0.75	0	0	0.5	0	1	0.6666666666666666	0.6666666666666666	0	0	0.13333333333333333	1	0	0	1	0	0	FALSE	FALSE	TRUE	TRUE	FALSE	FALSE	FALSE	FALSE	FALSE	FALSE	FALSE	FALSE	FALSE	FALSE	FALSE	FALSE	FALSE	FALSE	TRUE	FALSE	TRUE	TRUE	FALSE	FALSE	FALSE	FALSE	FALSE	FALSE	FALSE	FALSE	FALSE	FALSE	FALSE	FALSE	FALSE	FALSE	FALSE	FALSE	TRUE	FALSE	FALSE	FALSE	FALSE	TRUE	FALSE	FALSE	FALSE	FALSE	FALSE	TRUE	FALSE	FALSE	FALSE	FALSE	TRUE	FALSE	FALSE	FALSE	TRUE	TRUE	FALSE	FALSE	FALSE	FALSE	FALSE	FALSE
BV_C1_S3_bin.80	0	0	1	0.3076923076923077	1	0.8888888888888888	1	0.14285714285714285	0	1	0.42857142857142855	0.7	0.6363636363636364	0	0	1	0.25	0	1	0.3	1	1	1	0	0	0.2	1	1	0	1	0	0	FALSE	FALSE	TRUE	TRUE	FALSE	FALSE	FALSE	FALSE	FALSE	FALSE	TRUE	FALSE	FALSE	TRUE	FALSE	FALSE	FALSE	FALSE	TRUE	FALSE	TRUE	TRUE	FALSE	FALSE	FALSE	FALSE	FALSE	FALSE	FALSE	TRUE	FALSE	FALSE	FALSE	FALSE	FALSE	FALSE	FALSE	FALSE	TRUE	FALSE	FALSE	FALSE	FALSE	TRUE	FALSE	FALSE	FALSE	FALSE	FALSE	TRUE	FALSE	FALSE	FALSE	TRUE	TRUE	FALSE	FALSE	FALSE	TRUE	FALSE	FALSE	FALSE	FALSE	FALSE	FALSE	FALSE
BV_C1_S3_itr_bin.139	0	0	0.875	0.46153846153846156	0.75	0.8888888888888888	1	0.071428571	0	1	0.2857142857142857	0.7	0.6363636363636364	0	0	0.8461538461538461	0	0	1	0.3	1	0.6666666666666666	0.6666666666666666	0.5	0	0.066666667	0.6666666666666666	1	0	0.75	0	0	FALSE	FALSE	FALSE	FALSE	FALSE	FALSE	FALSE	FALSE	FALSE	FALSE	FALSE	FALSE	FALSE	FALSE	FALSE	FALSE	FALSE	FALSE	FALSE	FALSE	TRUE	FALSE	FALSE	FALSE	FALSE	FALSE	FALSE	FALSE	FALSE	FALSE	FALSE	FALSE	FALSE	FALSE	FALSE	FALSE	FALSE	FALSE	FALSE	FALSE	FALSE	FALSE	FALSE	FALSE	FALSE	FALSE	FALSE	FALSE	FALSE	TRUE	FALSE	FALSE	TRUE	FALSE	FALSE	FALSE	FALSE	FALSE	TRUE	TRUE	TRUE	FALSE	FALSE	FALSE	FALSE	FALSE
BV_C1_S3_prok_bin.148	0	0	1	0.46153846153846156	0.75	0.7777777777777778	0.8	0.21428571428571427	0	1	0.14285714285714285	0.8	0.36363636363636365	0	0	1	0	0	0.75	0	0	0	0	0.3333333333333333	0	0.13333333333333333	1	0	0	1	0	0	FALSE	FALSE	TRUE	TRUE	FALSE	FALSE	FALSE	FALSE	FALSE	FALSE	FALSE	FALSE	FALSE	FALSE	FALSE	FALSE	FALSE	FALSE	TRUE	FALSE	TRUE	FALSE	FALSE	FALSE	FALSE	FALSE	FALSE	FALSE	FALSE	FALSE	FALSE	FALSE	FALSE	FALSE	FALSE	FALSE	FALSE	FALSE	FALSE	FALSE	FALSE	FALSE	FALSE	FALSE	FALSE	FALSE	FALSE	FALSE	FALSE	FALSE	FALSE	FALSE	FALSE	FALSE	FALSE	FALSE	FALSE	FALSE	FALSE	TRUE	FALSE	FALSE	FALSE	FALSE	FALSE	FALSE
BV_C2_S1_bin.6	0	0	1	0.38461538461538464	0.75	0.7777777777777778	0.8	0.21428571428571427	0	0.8571428571428571	0.14285714285714285	0.8	0.5454545454545454	0.18181818181818182	0	1	0	0	1	0	0.6666666666666666	0.6666666666666666	0.6666666666666666	0	0	0.13333333333333333	1	0	0	0.25	0	0	FALSE	FALSE	TRUE	FALSE	FALSE	FALSE	FALSE	FALSE	FALSE	FALSE	TRUE	FALSE	FALSE	FALSE	FALSE	FALSE	FALSE	FALSE	FALSE	FALSE	TRUE	FALSE	FALSE	FALSE	FALSE	FALSE	FALSE	FALSE	FALSE	FALSE	FALSE	FALSE	FALSE	FALSE	FALSE	FALSE	FALSE	FALSE	FALSE	FALSE	FALSE	FALSE	FALSE	FALSE	FALSE	FALSE	FALSE	FALSE	FALSE	TRUE	FALSE	FALSE	FALSE	FALSE	FALSE	FALSE	FALSE	FALSE	FALSE	FALSE	TRUE	FALSE	FALSE	FALSE	FALSE	FALSE
BV_C2_S1_prok_bin.11	0	0	1	0.5384615384615384	0.75	0.7777777777777778	1	0.071428571	0	0.8571428571428571	0.42857142857142855	0.8	0.6363636363636364	0	0	1	0	0	1	0.3	1	0.6666666666666666	0.6666666666666666	0.3333333333333333	0	0.2	1	1	0	1	0	0	FALSE	FALSE	FALSE	FALSE	FALSE	FALSE	FALSE	FALSE	FALSE	FALSE	FALSE	FALSE	FALSE	FALSE	FALSE	FALSE	FALSE	FALSE	FALSE	FALSE	TRUE	FALSE	FALSE	FALSE	FALSE	FALSE	FALSE	FALSE	FALSE	TRUE	FALSE	FALSE	FALSE	FALSE	FALSE	FALSE	FALSE	FALSE	FALSE	FALSE	FALSE	FALSE	FALSE	FALSE	FALSE	FALSE	FALSE	FALSE	FALSE	TRUE	FALSE	FALSE	TRUE	FALSE	FALSE	FALSE	FALSE	FALSE	TRUE	TRUE	TRUE	FALSE	FALSE	FALSE	FALSE	FALSE
BV_C2_S1_prok_bin.17	0.25	0	1	0.5384615384615384	1	0.7777777777777778	1	0.071428571	0	1	0.5714285714285714	0.8	1	0	0	1	0	0	1	0.3	1	0.6666666666666666	0.6666666666666666	0.75	0	0.066666667	1	1	0	1	0	0	FALSE	FALSE	FALSE	FALSE	FALSE	FALSE	FALSE	FALSE	FALSE	FALSE	TRUE	FALSE	FALSE	FALSE	FALSE	FALSE	FALSE	FALSE	FALSE	FALSE	TRUE	FALSE	FALSE	FALSE	FALSE	FALSE	FALSE	FALSE	FALSE	TRUE	FALSE	FALSE	FALSE	FALSE	FALSE	FALSE	FALSE	FALSE	FALSE	FALSE	FALSE	FALSE	FALSE	TRUE	FALSE	FALSE	FALSE	FALSE	FALSE	TRUE	FALSE	FALSE	TRUE	FALSE	FALSE	FALSE	FALSE	TRUE	TRUE	TRUE	TRUE	FALSE	TRUE	FALSE	FALSE	FALSE
BV_C2_S2_bin.72	0	0	0.875	0.38461538461538464	0.5	0.7777777777777778	1	0.14285714285714285	0.125	1	0	0.7	0.7272727272727273	0	0	1	0	0	0.75	0	1	0.6666666666666666	0.6666666666666666	0	0	0.13333333333333333	1	0	0	0	0	0	FALSE	FALSE	FALSE	FALSE	FALSE	FALSE	FALSE	FALSE	FALSE	FALSE	TRUE	FALSE	FALSE	FALSE	FALSE	FALSE	FALSE	FALSE	FALSE	FALSE	TRUE	TRUE	FALSE	FALSE	FALSE	FALSE	FALSE	FALSE	FALSE	FALSE	FALSE	FALSE	FALSE	FALSE	FALSE	FALSE	FALSE	FALSE	TRUE	FALSE	FALSE	FALSE	FALSE	TRUE	FALSE	FALSE	FALSE	FALSE	FALSE	TRUE	FALSE	FALSE	FALSE	FALSE	TRUE	FALSE	FALSE	FALSE	FALSE	TRUE	FALSE	FALSE	FALSE	FALSE	FALSE	FALSE
BV_C2_S2_bin.75	0.5	0	1	0.38461538461538464	0.5	0.8888888888888888	1	0.2857142857142857	0.125	1	0.14285714285714285	0.8	0.7272727272727273	0	0	1	0	0	1	0	1	0.6666666666666666	0.6666666666666666	0	0	0.13333333333333333	1	0	0	1	0	0	FALSE	FALSE	TRUE	FALSE	FALSE	FALSE	FALSE	FALSE	FALSE	FALSE	TRUE	FALSE	FALSE	FALSE	FALSE	FALSE	FALSE	FALSE	FALSE	FALSE	TRUE	TRUE	FALSE	FALSE	FALSE	FALSE	FALSE	FALSE	FALSE	FALSE	FALSE	FALSE	FALSE	FALSE	FALSE	FALSE	FALSE	FALSE	TRUE	FALSE	FALSE	FALSE	FALSE	TRUE	FALSE	FALSE	FALSE	FALSE	FALSE	TRUE	FALSE	FALSE	FALSE	FALSE	TRUE	FALSE	FALSE	FALSE	TRUE	TRUE	TRUE	FALSE	FALSE	FALSE	FALSE	FALSE
BV_C2_S2_bin.78	0	0	1	0.38461538461538464	0.5	0.7777777777777778	0.6	0.14285714285714285	0.375	0.8571428571428571	0.2857142857142857	0.8	0.45454545454545453	0.090909091	0	1	0	0	0.75	0.1	0.3333333333333333	0.6666666666666666	0.6666666666666666	0.6666666666666666	0	0.13333333333333333	1	0	0	1	0	0	FALSE	FALSE	TRUE	TRUE	FALSE	FALSE	FALSE	FALSE	FALSE	FALSE	FALSE	FALSE	FALSE	FALSE	FALSE	FALSE	FALSE	FALSE	TRUE	FALSE	TRUE	TRUE	FALSE	FALSE	FALSE	FALSE	FALSE	FALSE	TRUE	FALSE	FALSE	FALSE	FALSE	FALSE	FALSE	FALSE	FALSE	FALSE	TRUE	FALSE	FALSE	FALSE	FALSE	FALSE	FALSE	FALSE	FALSE	FALSE	FALSE	TRUE	FALSE	FALSE	FALSE	FALSE	TRUE	FALSE	FALSE	FALSE	FALSE	TRUE	TRUE	FALSE	FALSE	FALSE	FALSE	FALSE
BV_C2_S2_itr_bin.15	0	0	1	0.3076923076923077	0.75	0.8888888888888888	0.6	0.14285714285714285	0.375	1	0.42857142857142855	0.7	0.7272727272727273	0	0	0.9230769230769231	0	0	0.75	0.1	0.3333333333333333	0.6666666666666666	0.6666666666666666	0.3333333333333333	0	0.13333333333333333	1	0	0	0.75	0	0	FALSE	FALSE	FALSE	FALSE	FALSE	FALSE	FALSE	FALSE	FALSE	FALSE	TRUE	FALSE	FALSE	FALSE	FALSE	FALSE	FALSE	FALSE	FALSE	FALSE	TRUE	TRUE	FALSE	FALSE	FALSE	FALSE	FALSE	FALSE	TRUE	FALSE	FALSE	FALSE	FALSE	FALSE	FALSE	FALSE	FALSE	FALSE	FALSE	FALSE	FALSE	FALSE	FALSE	FALSE	FALSE	FALSE	FALSE	FALSE	FALSE	TRUE	FALSE	FALSE	FALSE	FALSE	TRUE	FALSE	FALSE	FALSE	FALSE	TRUE	TRUE	FALSE	FALSE	FALSE	FALSE	FALSE
BV_C2_S2_itr_bin.95	0	0	1	0.38461538461538464	0.5	0.5555555555555556	1	0.071428571	0	1	0.2857142857142857	0.9	0.36363636363636365	0	0	0.7857142857142857	0	0	0.75	0.1	0.3333333333333333	0	0	0.3333333333333333	0	0.13333333333333333	1	0	0	0.75	0	0	FALSE	FALSE	TRUE	TRUE	FALSE	FALSE	FALSE	FALSE	FALSE	FALSE	TRUE	FALSE	FALSE	FALSE	FALSE	FALSE	FALSE	FALSE	TRUE	FALSE	TRUE	FALSE	FALSE	FALSE	FALSE	FALSE	FALSE	FALSE	FALSE	FALSE	FALSE	FALSE	FALSE	FALSE	FALSE	FALSE	FALSE	FALSE	FALSE	FALSE	FALSE	FALSE	FALSE	FALSE	FALSE	FALSE	FALSE	FALSE	FALSE	TRUE	FALSE	FALSE	FALSE	FALSE	FALSE	FALSE	FALSE	FALSE	FALSE	TRUE	TRUE	FALSE	FALSE	FALSE	FALSE	FALSE
BV_C2_S2_prok_bin.163	0	0	1	0.46153846153846156	0.75	0.7777777777777778	0.8	0.14285714285714285	0	1	0.14285714285714285	0.7	0.45454545454545453	0	0	1	0	0	0.75	0	0	0.6666666666666666	0.6666666666666666	0	0	0.13333333333333333	1	0	0	1	0	0	FALSE	FALSE	TRUE	TRUE	FALSE	FALSE	FALSE	FALSE	FALSE	FALSE	TRUE	FALSE	FALSE	FALSE	FALSE	FALSE	FALSE	FALSE	TRUE	FALSE	TRUE	TRUE	FALSE	FALSE	FALSE	FALSE	FALSE	FALSE	FALSE	FALSE	FALSE	FALSE	FALSE	FALSE	FALSE	FALSE	FALSE	FALSE	FALSE	FALSE	FALSE	FALSE	FALSE	FALSE	FALSE	FALSE	FALSE	FALSE	FALSE	TRUE	FALSE	FALSE	FALSE	FALSE	TRUE	FALSE	FALSE	FALSE	FALSE	TRUE	FALSE	FALSE	FALSE	FALSE	FALSE	FALSE
BV_L1_S3_bin.163	0.25	0	1	0.5384615384615384	0.75	1	0.8	0.2857142857142857	0.125	1	0.42857142857142855	0.8	0.9090909090909091	0	0	1	0	0	0.75	0	1	0.6666666666666666	0.6666666666666666	0	0	0.13333333333333333	1	0	0	1	0	0	FALSE	FALSE	TRUE	TRUE	FALSE	FALSE	FALSE	FALSE	FALSE	FALSE	FALSE	FALSE	FALSE	FALSE	FALSE	FALSE	FALSE	FALSE	TRUE	FALSE	TRUE	FALSE	FALSE	FALSE	FALSE	FALSE	FALSE	FALSE	FALSE	FALSE	FALSE	FALSE	FALSE	FALSE	FALSE	FALSE	FALSE	FALSE	TRUE	FALSE	FALSE	FALSE	FALSE	TRUE	FALSE	FALSE	FALSE	FALSE	FALSE	TRUE	FALSE	FALSE	FALSE	FALSE	FALSE	FALSE	FALSE	FALSE	TRUE	TRUE	TRUE	FALSE	FALSE	FALSE	FALSE	FALSE
BV_L1_S3_bin.219	0.25	0	1	0.46153846153846156	0.5	0.8888888888888888	0.8	0.35714285714285715	0.25	1	0.2857142857142857	0.7	0.7272727272727273	0	0	1	0	0	1	0	1	0.6666666666666666	0.6666666666666666	0	0	0.13333333333333333	0.6666666666666666	0	0	0	0	0	FALSE	FALSE	TRUE	FALSE	FALSE	FALSE	FALSE	FALSE	FALSE	FALSE	TRUE	FALSE	FALSE	FALSE	FALSE	FALSE	FALSE	FALSE	FALSE	FALSE	TRUE	TRUE	FALSE	FALSE	FALSE	FALSE	FALSE	FALSE	FALSE	FALSE	FALSE	FALSE	FALSE	FALSE	FALSE	FALSE	FALSE	FALSE	TRUE	FALSE	FALSE	FALSE	FALSE	TRUE	FALSE	FALSE	FALSE	FALSE	FALSE	TRUE	FALSE	FALSE	FALSE	TRUE	TRUE	FALSE	FALSE	FALSE	TRUE	TRUE	TRUE	FALSE	FALSE	FALSE	FALSE	FALSE
BV_L1_S3_bin.222	0.25	0	0.875	0.46153846153846156	1	0.8888888888888888	1	0.071428571	0	1	0.42857142857142855	0.7	1	0	0	1	0	0	1	0.3	1	0.3333333333333333	0.3333333333333333	0.75	0	0	0	0.75	0	1	0	0	FALSE	FALSE	TRUE	TRUE	FALSE	FALSE	FALSE	FALSE	FALSE	FALSE	FALSE	FALSE	FALSE	FALSE	FALSE	FALSE	FALSE	FALSE	TRUE	FALSE	TRUE	FALSE	FALSE	FALSE	FALSE	FALSE	FALSE	FALSE	FALSE	TRUE	FALSE	FALSE	FALSE	FALSE	FALSE	FALSE	FALSE	FALSE	FALSE	FALSE	FALSE	FALSE	FALSE	FALSE	FALSE	FALSE	FALSE	FALSE	FALSE	TRUE	FALSE	FALSE	TRUE	FALSE	FALSE	FALSE	FALSE	FALSE	TRUE	FALSE	TRUE	FALSE	TRUE	FALSE	FALSE	FALSE
BV_L1_S3_bin.34	0	0	1	0.3076923076923077	0.5	0.7777777777777778	0.6	0.071428571	0	1	0.2857142857142857	0.8	0.7272727272727273	0.090909091	0	0.9285714285714286	0	0	0.75	0.1	0.3333333333333333	0.6666666666666666	0.6666666666666666	0.5	0	0.13333333333333333	1	0	0	1	0	0	FALSE	FALSE	FALSE	FALSE	FALSE	FALSE	FALSE	FALSE	FALSE	FALSE	TRUE	FALSE	FALSE	FALSE	FALSE	FALSE	FALSE	FALSE	FALSE	FALSE	TRUE	FALSE	FALSE	FALSE	FALSE	FALSE	FALSE	FALSE	FALSE	FALSE	FALSE	FALSE	FALSE	FALSE	FALSE	FALSE	FALSE	FALSE	FALSE	FALSE	FALSE	FALSE	FALSE	FALSE	FALSE	FALSE	FALSE	FALSE	FALSE	FALSE	FALSE	FALSE	FALSE	FALSE	FALSE	FALSE	FALSE	FALSE	FALSE	FALSE	TRUE	FALSE	FALSE	FALSE	FALSE	FALSE
BV_L1_S3_prok_bin.91	0.25	0	0.875	0.5384615384615384	0.5	0.8888888888888888	0.8	0.071428571	0.375	1	0.2857142857142857	0.6	1	0	0	1	0	0	1	0.3	1	0.6666666666666666	0.6666666666666666	0	0	0.2	1	1	0	1	0	0	FALSE	FALSE	FALSE	FALSE	FALSE	FALSE	FALSE	FALSE	FALSE	FALSE	FALSE	FALSE	FALSE	FALSE	FALSE	FALSE	FALSE	FALSE	FALSE	FALSE	TRUE	TRUE	FALSE	FALSE	FALSE	FALSE	FALSE	FALSE	FALSE	FALSE	FALSE	FALSE	FALSE	FALSE	FALSE	FALSE	TRUE	FALSE	TRUE	TRUE	FALSE	FALSE	FALSE	TRUE	FALSE	FALSE	FALSE	FALSE	FALSE	TRUE	FALSE	FALSE	FALSE	TRUE	TRUE	FALSE	FALSE	TRUE	TRUE	TRUE	FALSE	FALSE	TRUE	FALSE	FALSE	FALSE
BV_L2_S2_bin.21	0	0	1	0.38461538461538464	0.75	1	0.6	0.071428571	0	1	0.2857142857142857	0.8	0.7272727272727273	0	0	0.8571428571428571	0	0	0.75	0	0	0	0	0.5	0	0.13333333333333333	1	0	0	1	0	0	FALSE	FALSE	FALSE	FALSE	FALSE	FALSE	FALSE	FALSE	FALSE	FALSE	TRUE	FALSE	FALSE	FALSE	FALSE	FALSE	FALSE	FALSE	FALSE	FALSE	TRUE	FALSE	TRUE	FALSE	FALSE	FALSE	FALSE	FALSE	FALSE	FALSE	FALSE	FALSE	FALSE	FALSE	FALSE	FALSE	FALSE	FALSE	TRUE	FALSE	FALSE	FALSE	FALSE	FALSE	FALSE	FALSE	FALSE	FALSE	FALSE	TRUE	FALSE	FALSE	FALSE	FALSE	TRUE	FALSE	FALSE	FALSE	FALSE	FALSE	TRUE	FALSE	FALSE	FALSE	FALSE	FALSE
CP_C1_S3_bin.243	0	0	1	0.23076923076923078	0.5	0.7777777777777778	0.6	0	0	1	0.2857142857142857	0.8	0.6363636363636364	0	0	0.9285714285714286	0	0	0.75	0	0	0	0	0.5	0	0.13333333333333333	1	0	0	0.875	0	0	FALSE	FALSE	FALSE	FALSE	FALSE	FALSE	FALSE	FALSE	FALSE	FALSE	FALSE	FALSE	FALSE	FALSE	FALSE	FALSE	FALSE	FALSE	FALSE	FALSE	TRUE	FALSE	FALSE	FALSE	FALSE	FALSE	FALSE	FALSE	FALSE	FALSE	FALSE	FALSE	FALSE	FALSE	FALSE	FALSE	FALSE	FALSE	FALSE	FALSE	FALSE	FALSE	FALSE	FALSE	FALSE	TRUE	FALSE	FALSE	FALSE	TRUE	FALSE	FALSE	FALSE	FALSE	FALSE	FALSE	FALSE	FALSE	FALSE	FALSE	TRUE	FALSE	FALSE	FALSE	FALSE	FALSE
CP_C1_S3_prok_bin.250	0.25	0	0.875	0.5384615384615384	1	0.7777777777777778	0.6	0.071428571	0	0.8571428571428571	0.42857142857142855	0.7	0.9090909090909091	0	0	0.8571428571428571	0	0	0.5	0.3	1	0.6666666666666666	0.6666666666666666	0.6666666666666666	0	0	1	0	0	0.75	0	0	FALSE	FALSE	FALSE	FALSE	FALSE	FALSE	FALSE	FALSE	FALSE	FALSE	FALSE	FALSE	FALSE	FALSE	FALSE	FALSE	FALSE	FALSE	FALSE	FALSE	TRUE	FALSE	FALSE	FALSE	FALSE	FALSE	FALSE	FALSE	FALSE	TRUE	FALSE	FALSE	FALSE	FALSE	FALSE	FALSE	FALSE	FALSE	FALSE	FALSE	FALSE	FALSE	FALSE	FALSE	FALSE	FALSE	FALSE	FALSE	FALSE	TRUE	FALSE	FALSE	TRUE	FALSE	FALSE	FALSE	FALSE	FALSE	TRUE	TRUE	FALSE	FALSE	TRUE	FALSE	FALSE	FALSE
CP_C1_S3_prok_bin.88	0.25	0	1	0.38461538461538464	1	0.8888888888888888	1	0.21428571428571427	0.125	1	0.14285714285714285	0.8	0.7272727272727273	0	0	1	0	0	1	0	1	0.6666666666666666	0.6666666666666666	0	0	0.13333333333333333	1	0	0	1	0	0	FALSE	FALSE	TRUE	FALSE	FALSE	FALSE	FALSE	FALSE	FALSE	FALSE	TRUE	FALSE	FALSE	FALSE	FALSE	FALSE	FALSE	FALSE	FALSE	FALSE	TRUE	TRUE	FALSE	FALSE	FALSE	FALSE	FALSE	FALSE	FALSE	FALSE	FALSE	FALSE	FALSE	FALSE	FALSE	FALSE	FALSE	FALSE	TRUE	FALSE	FALSE	FALSE	FALSE	FALSE	FALSE	FALSE	FALSE	FALSE	FALSE	TRUE	FALSE	FALSE	FALSE	FALSE	TRUE	FALSE	FALSE	FALSE	TRUE	TRUE	TRUE	FALSE	FALSE	FALSE	FALSE	FALSE
CP_H3_S2_bin.15	0.25	0	1	0.38461538461538464	0.75	0.7777777777777778	0.8	0.14285714285714285	0	1	0.2857142857142857	0.8	0.5454545454545454	0	0	1	0	0	0.5	0.1	0.3333333333333333	0	0	0.3333333333333333	0	0.13333333333333333	1	0	0	1	0	0	FALSE	FALSE	FALSE	FALSE	FALSE	FALSE	FALSE	FALSE	FALSE	FALSE	FALSE	FALSE	FALSE	FALSE	FALSE	FALSE	FALSE	FALSE	FALSE	FALSE	TRUE	TRUE	FALSE	FALSE	FALSE	FALSE	FALSE	FALSE	FALSE	FALSE	FALSE	FALSE	FALSE	FALSE	FALSE	FALSE	FALSE	FALSE	FALSE	FALSE	FALSE	FALSE	FALSE	TRUE	FALSE	FALSE	FALSE	FALSE	FALSE	TRUE	FALSE	FALSE	FALSE	FALSE	TRUE	FALSE	FALSE	FALSE	FALSE	TRUE	TRUE	FALSE	FALSE	FALSE	FALSE	FALSE
CP_H3_S2_prok_bin.131	0	0	1	0.5384615384615384	0.75	0.7777777777777778	0.6	0.14285714285714285	0.375	1	0.42857142857142855	0.9	0.5454545454545454	0.090909091	0	1	0.25	0	1	0.1	0.3333333333333333	0.6666666666666666	0.6666666666666666	0.6666666666666666	0	0.13333333333333333	1	0	0	1	0	0	FALSE	FALSE	TRUE	FALSE	FALSE	FALSE	FALSE	FALSE	FALSE	FALSE	FALSE	FALSE	FALSE	FALSE	FALSE	FALSE	FALSE	FALSE	FALSE	FALSE	TRUE	TRUE	FALSE	FALSE	FALSE	FALSE	FALSE	FALSE	TRUE	FALSE	FALSE	FALSE	FALSE	FALSE	FALSE	FALSE	FALSE	FALSE	FALSE	FALSE	FALSE	FALSE	FALSE	FALSE	FALSE	FALSE	FALSE	FALSE	FALSE	TRUE	FALSE	FALSE	FALSE	FALSE	TRUE	FALSE	FALSE	FALSE	TRUE	TRUE	TRUE	FALSE	FALSE	FALSE	FALSE	FALSE
CP_H3_S2_prok_bin.182	0	0	1	0.46153846153846156	0.25	0.7777777777777778	1	0.21428571428571427	0.125	1	0.42857142857142855	0.7	0.7272727272727273	0	0	0.9285714285714286	0	0	0.75	0	1	0.6666666666666666	0.6666666666666666	0.5	0	0.066666667	1	0	0	1	0	0	FALSE	FALSE	FALSE	FALSE	FALSE	FALSE	FALSE	FALSE	FALSE	FALSE	FALSE	FALSE	FALSE	FALSE	FALSE	FALSE	FALSE	FALSE	FALSE	FALSE	TRUE	FALSE	FALSE	FALSE	FALSE	FALSE	FALSE	FALSE	FALSE	TRUE	FALSE	FALSE	FALSE	FALSE	FALSE	FALSE	FALSE	FALSE	FALSE	FALSE	FALSE	FALSE	FALSE	FALSE	FALSE	FALSE	FALSE	FALSE	FALSE	FALSE	FALSE	FALSE	FALSE	FALSE	FALSE	FALSE	FALSE	FALSE	FALSE	TRUE	TRUE	FALSE	FALSE	FALSE	FALSE	FALSE
CP_L1_S2_bin.174	0	0	1	0.5384615384615384	0.5	1	0.8	0.14285714285714285	0.125	1	0.42857142857142855	0.8	0.9090909090909091	0	0	1	1	0	0.75	0	1	0.6666666666666666	0.6666666666666666	0	0	0.13333333333333333	1	0	0	1	0	0	FALSE	FALSE	FALSE	FALSE	FALSE	FALSE	FALSE	FALSE	FALSE	FALSE	TRUE	FALSE	FALSE	FALSE	FALSE	FALSE	FALSE	FALSE	FALSE	FALSE	TRUE	TRUE	FALSE	FALSE	FALSE	FALSE	FALSE	FALSE	FALSE	TRUE	FALSE	FALSE	FALSE	FALSE	FALSE	FALSE	TRUE	FALSE	TRUE	TRUE	FALSE	FALSE	FALSE	TRUE	FALSE	FALSE	FALSE	FALSE	FALSE	TRUE	FALSE	FALSE	FALSE	FALSE	TRUE	FALSE	FALSE	FALSE	TRUE	TRUE	TRUE	FALSE	FALSE	FALSE	FALSE	FALSE
CP_L1_S2_bin.72	0	0	1	0.38461538461538464	0.75	1	0.6	0.071428571	0	1	0.2857142857142857	0.8	0.5454545454545454	0	0	0.8571428571428571	0	0	0.75	0	0	0	0	0.5	0	0.13333333333333333	1	0	0	0.5	0	0	FALSE	FALSE	FALSE	FALSE	FALSE	FALSE	FALSE	FALSE	FALSE	FALSE	FALSE	FALSE	FALSE	FALSE	FALSE	FALSE	FALSE	FALSE	FALSE	FALSE	TRUE	FALSE	TRUE	FALSE	FALSE	FALSE	FALSE	FALSE	FALSE	FALSE	FALSE	FALSE	FALSE	FALSE	FALSE	FALSE	FALSE	FALSE	TRUE	FALSE	FALSE	FALSE	FALSE	FALSE	FALSE	FALSE	FALSE	FALSE	FALSE	TRUE	FALSE	FALSE	FALSE	TRUE	TRUE	FALSE	FALSE	TRUE	FALSE	FALSE	FALSE	FALSE	FALSE	FALSE	FALSE	FALSE
CP_L1_S2_bin.97	0.25	0	1	0.3076923076923077	0.5	0.7777777777777778	0.6	0.071428571	0	1	0.2857142857142857	0.8	0.7272727272727273	0.090909091	0	0.9285714285714286	0	0	0.75	0	0	0	0	0.5	0	0.13333333333333333	1	0	0	1	0	0	FALSE	FALSE	FALSE	FALSE	FALSE	FALSE	FALSE	FALSE	FALSE	FALSE	FALSE	FALSE	FALSE	FALSE	FALSE	FALSE	FALSE	FALSE	FALSE	FALSE	TRUE	FALSE	FALSE	FALSE	FALSE	FALSE	FALSE	FALSE	FALSE	FALSE	FALSE	FALSE	FALSE	FALSE	FALSE	FALSE	FALSE	FALSE	FALSE	FALSE	FALSE	TRUE	FALSE	FALSE	FALSE	FALSE	FALSE	FALSE	FALSE	FALSE	FALSE	FALSE	FALSE	FALSE	FALSE	FALSE	FALSE	FALSE	FALSE	FALSE	TRUE	FALSE	FALSE	FALSE	FALSE	FALSE
CP_L1_S2_bin.98	0	0	1	0.46153846153846156	1	0.8888888888888888	0.8	0.071428571	0.125	1	0.2857142857142857	0.6	0.7272727272727273	0	0	1	0	0	1	0	0	0.6666666666666666	0.6666666666666666	1	0	0.2	1	1	0	1	0	0	FALSE	FALSE	FALSE	FALSE	FALSE	FALSE	FALSE	FALSE	FALSE	FALSE	FALSE	FALSE	FALSE	FALSE	FALSE	FALSE	FALSE	FALSE	FALSE	FALSE	TRUE	FALSE	FALSE	FALSE	FALSE	FALSE	FALSE	FALSE	FALSE	FALSE	FALSE	FALSE	FALSE	FALSE	FALSE	FALSE	FALSE	FALSE	TRUE	FALSE	FALSE	FALSE	FALSE	TRUE	FALSE	FALSE	FALSE	FALSE	FALSE	TRUE	FALSE	FALSE	FALSE	FALSE	FALSE	FALSE	FALSE	TRUE	FALSE	TRUE	FALSE	FALSE	TRUE	FALSE	FALSE	FALSE
CP_L1_S2_prok_bin.128	0.5	0	1	0.38461538461538464	0.25	0.8888888888888888	0.6	0.14285714285714285	0.125	0.7142857142857143	0.5714285714285714	0.8	0.8181818181818182	0	0	1	1	0	1	0.1111111111111111	0.5	0.6666666666666666	0.6666666666666666	0	0	0.2	1	0	0	1	0	0	FALSE	FALSE	FALSE	FALSE	FALSE	FALSE	FALSE	FALSE	FALSE	FALSE	FALSE	FALSE	FALSE	FALSE	FALSE	FALSE	FALSE	FALSE	FALSE	FALSE	TRUE	FALSE	FALSE	FALSE	FALSE	FALSE	FALSE	FALSE	FALSE	FALSE	FALSE	FALSE	FALSE	FALSE	FALSE	FALSE	FALSE	FALSE	TRUE	FALSE	FALSE	FALSE	FALSE	FALSE	FALSE	FALSE	FALSE	FALSE	FALSE	TRUE	FALSE	FALSE	FALSE	FALSE	FALSE	FALSE	FALSE	FALSE	TRUE	TRUE	TRUE	FALSE	TRUE	FALSE	FALSE	FALSE
CP_L1_S3_prok_bin.218	0.5	0	0.875	0.38461538461538464	0.25	0.7777777777777778	0.6	0.14285714285714285	0	0.7142857142857143	0.5714285714285714	0.6	0.8181818181818182	0	0	1	0	0	1	0.2222222222222222	1	0.6666666666666666	0.6666666666666666	0.3333333333333333	0	0.2	1	0	0	0	0	0	FALSE	FALSE	FALSE	FALSE	FALSE	FALSE	FALSE	FALSE	FALSE	FALSE	FALSE	FALSE	FALSE	FALSE	FALSE	FALSE	FALSE	FALSE	FALSE	FALSE	FALSE	FALSE	FALSE	FALSE	FALSE	FALSE	FALSE	FALSE	FALSE	FALSE	FALSE	FALSE	FALSE	FALSE	FALSE	FALSE	FALSE	FALSE	FALSE	FALSE	FALSE	FALSE	FALSE	TRUE	FALSE	FALSE	FALSE	FALSE	FALSE	TRUE	FALSE	FALSE	FALSE	FALSE	FALSE	FALSE	FALSE	FALSE	TRUE	TRUE	FALSE	FALSE	TRUE	FALSE	FALSE	FALSE
CP_co3C_bin.21	0	0	1	0.38461538461538464	0.75	0.8888888888888888	0.6	0.21428571428571427	0.125	1	0.2857142857142857	0.8	0.7272727272727273	0	0	1	0	0	0.75	0	0	0	0	0	0	0.13333333333333333	1	0	0	1	0	0	FALSE	FALSE	TRUE	TRUE	FALSE	FALSE	FALSE	FALSE	FALSE	FALSE	TRUE	FALSE	FALSE	FALSE	FALSE	FALSE	TRUE	FALSE	TRUE	FALSE	TRUE	FALSE	FALSE	FALSE	FALSE	FALSE	FALSE	FALSE	FALSE	FALSE	FALSE	FALSE	FALSE	FALSE	FALSE	FALSE	FALSE	FALSE	FALSE	FALSE	FALSE	FALSE	FALSE	FALSE	FALSE	FALSE	FALSE	FALSE	FALSE	FALSE	FALSE	FALSE	FALSE	FALSE	FALSE	FALSE	FALSE	FALSE	FALSE	FALSE	TRUE	FALSE	FALSE	FALSE	FALSE	FALSE
R_C1_S2_prok_bin.58	0	0	1	0.3076923076923077	0.5	0.7777777777777778	1	0.14285714285714285	0	0.8571428571428571	0.14285714285714285	0.8	0.45454545454545453	0	0	0.9285714285714286	0	0	0.75	0.1	0.3333333333333333	0.6666666666666666	0.6666666666666666	0.5	0	0.13333333333333333	1	0	0	0.625	0	0	FALSE	FALSE	FALSE	FALSE	FALSE	FALSE	FALSE	FALSE	FALSE	FALSE	FALSE	FALSE	FALSE	FALSE	FALSE	FALSE	FALSE	FALSE	FALSE	FALSE	TRUE	FALSE	FALSE	FALSE	FALSE	FALSE	FALSE	FALSE	FALSE	FALSE	FALSE	FALSE	FALSE	FALSE	FALSE	FALSE	FALSE	FALSE	FALSE	FALSE	FALSE	FALSE	FALSE	FALSE	FALSE	FALSE	FALSE	FALSE	FALSE	TRUE	FALSE	FALSE	FALSE	FALSE	FALSE	FALSE	FALSE	FALSE	TRUE	FALSE	TRUE	FALSE	FALSE	FALSE	FALSE	FALSE
R_C1_S3_bin.16	0	0	1	0.3076923076923077	0.5	0.8888888888888888	1	0.14285714285714285	0	1	0.2857142857142857	0.7	0.7272727272727273	0.090909091	0	0.9285714285714286	0	0	0.75	0.1	0.3333333333333333	0.6666666666666666	0.6666666666666666	0.75	0	0.13333333333333333	1	0	0	1	0	0	FALSE	FALSE	FALSE	FALSE	FALSE	FALSE	FALSE	FALSE	FALSE	FALSE	FALSE	FALSE	FALSE	FALSE	FALSE	FALSE	FALSE	FALSE	FALSE	FALSE	TRUE	FALSE	FALSE	FALSE	FALSE	FALSE	FALSE	FALSE	FALSE	FALSE	FALSE	FALSE	FALSE	FALSE	FALSE	FALSE	FALSE	FALSE	FALSE	FALSE	FALSE	FALSE	FALSE	FALSE	FALSE	FALSE	FALSE	FALSE	FALSE	TRUE	FALSE	FALSE	FALSE	FALSE	FALSE	FALSE	FALSE	FALSE	TRUE	FALSE	FALSE	FALSE	FALSE	FALSE	FALSE	FALSE
R_C1_S3_bin.85	0	0	1	0.38461538461538464	0.5	0.7777777777777778	0.8	0.14285714285714285	0	0.7142857142857143	0	0.8	0.5454545454545454	0	0	1	0	0	0.75	0.1	0.3333333333333333	0.6666666666666666	0.6666666666666666	0.3333333333333333	0	0.066666667	1	0	0	1	0	0	FALSE	FALSE	FALSE	FALSE	FALSE	FALSE	FALSE	FALSE	FALSE	FALSE	FALSE	FALSE	FALSE	FALSE	FALSE	FALSE	FALSE	FALSE	FALSE	FALSE	TRUE	TRUE	TRUE	FALSE	FALSE	FALSE	FALSE	FALSE	FALSE	FALSE	FALSE	FALSE	FALSE	FALSE	FALSE	FALSE	FALSE	FALSE	FALSE	FALSE	FALSE	FALSE	FALSE	TRUE	FALSE	FALSE	FALSE	FALSE	FALSE	TRUE	FALSE	FALSE	FALSE	FALSE	TRUE	FALSE	FALSE	FALSE	FALSE	TRUE	TRUE	FALSE	FALSE	FALSE	FALSE	FALSE
R_C1_S3_prok_bin.101	0.5	0	1	0.5384615384615384	1	0.8888888888888888	1	0.071428571	0	1	0.5714285714285714	0.7	1	0	0	1	0	0	1	0.3	1	0	0	0	0	0.066666667	0.6666666666666666	1	0	0.375	0	0	FALSE	FALSE	FALSE	TRUE	FALSE	FALSE	FALSE	FALSE	FALSE	FALSE	FALSE	FALSE	FALSE	FALSE	FALSE	FALSE	FALSE	FALSE	FALSE	FALSE	TRUE	FALSE	FALSE	FALSE	FALSE	FALSE	FALSE	FALSE	FALSE	TRUE	FALSE	FALSE	FALSE	FALSE	FALSE	FALSE	FALSE	FALSE	FALSE	FALSE	FALSE	FALSE	FALSE	TRUE	FALSE	FALSE	FALSE	FALSE	FALSE	TRUE	FALSE	FALSE	TRUE	FALSE	FALSE	FALSE	FALSE	FALSE	TRUE	TRUE	TRUE	FALSE	TRUE	FALSE	FALSE	FALSE
R_C1_S3_prok_bin.115	0.25	0	0.875	0.3076923076923077	0.75	0.8888888888888888	0.8	0.21428571428571427	0.125	1	0.14285714285714285	0.7	0.7272727272727273	0	0	0.8571428571428571	0	0	1	0	1	0.3333333333333333	0.3333333333333333	0	0	0.13333333333333333	1	0	0	0.625	0	0	FALSE	FALSE	TRUE	FALSE	FALSE	FALSE	FALSE	FALSE	FALSE	FALSE	TRUE	FALSE	FALSE	FALSE	FALSE	FALSE	FALSE	FALSE	FALSE	FALSE	TRUE	FALSE	FALSE	FALSE	FALSE	FALSE	FALSE	FALSE	FALSE	FALSE	FALSE	FALSE	FALSE	FALSE	FALSE	FALSE	FALSE	FALSE	TRUE	FALSE	FALSE	FALSE	FALSE	TRUE	FALSE	FALSE	FALSE	FALSE	FALSE	TRUE	FALSE	FALSE	FALSE	FALSE	FALSE	FALSE	FALSE	FALSE	TRUE	TRUE	TRUE	FALSE	FALSE	FALSE	FALSE	FALSE
R_C1_S3_prok_bin.73	0	0	1	0.5384615384615384	1	0.7777777777777778	1	0.071428571	0	0.7142857142857143	0.42857142857142855	0.8	0.9090909090909091	0	0	1	0	0	1	0.3	1	0.6666666666666666	0.6666666666666666	0.75	0	0.2	1	0	0	1	0	0	FALSE	FALSE	FALSE	FALSE	FALSE	FALSE	FALSE	FALSE	FALSE	FALSE	FALSE	FALSE	FALSE	FALSE	FALSE	FALSE	FALSE	FALSE	FALSE	FALSE	TRUE	FALSE	FALSE	FALSE	FALSE	FALSE	FALSE	FALSE	FALSE	TRUE	FALSE	FALSE	FALSE	FALSE	FALSE	FALSE	FALSE	FALSE	FALSE	FALSE	FALSE	FALSE	FALSE	FALSE	FALSE	FALSE	FALSE	FALSE	FALSE	TRUE	FALSE	FALSE	TRUE	FALSE	FALSE	FALSE	FALSE	FALSE	TRUE	TRUE	TRUE	FALSE	TRUE	FALSE	FALSE	FALSE
R_C1_S3_prok_bin.89	0	0	1	0.3076923076923077	0.75	0.6666666666666666	0.6	0.14285714285714285	0.5	1	0.42857142857142855	0.7	0.5454545454545454	0	0	1	0	0	1	0.1	0.3333333333333333	0.3333333333333333	0.3333333333333333	0	0	0.13333333333333333	1	0	0	1	0	0	FALSE	FALSE	TRUE	TRUE	FALSE	FALSE	FALSE	FALSE	FALSE	FALSE	TRUE	FALSE	FALSE	FALSE	FALSE	FALSE	FALSE	FALSE	TRUE	FALSE	TRUE	TRUE	FALSE	FALSE	FALSE	FALSE	FALSE	FALSE	TRUE	FALSE	FALSE	FALSE	FALSE	FALSE	FALSE	FALSE	FALSE	FALSE	FALSE	FALSE	FALSE	FALSE	FALSE	FALSE	FALSE	FALSE	FALSE	FALSE	FALSE	TRUE	FALSE	FALSE	FALSE	FALSE	TRUE	FALSE	FALSE	FALSE	TRUE	FALSE	TRUE	FALSE	FALSE	FALSE	FALSE	FALSE
R_C2_S2_bin.107	0.25	0	1	0.5384615384615384	0.5	0.7777777777777778	0.8	0.21428571428571427	0	0.7142857142857143	0.14285714285714285	0.8	0.2727272727272727	0	0	1	0	0	0.5	0.1	0.3333333333333333	0	0	0.75	0	0.13333333333333333	1	0	0	1	0	0	FALSE	FALSE	TRUE	FALSE	FALSE	FALSE	FALSE	FALSE	FALSE	FALSE	FALSE	FALSE	FALSE	FALSE	FALSE	FALSE	FALSE	FALSE	FALSE	FALSE	TRUE	TRUE	FALSE	FALSE	FALSE	FALSE	FALSE	FALSE	FALSE	FALSE	FALSE	FALSE	FALSE	FALSE	FALSE	FALSE	FALSE	FALSE	TRUE	FALSE	FALSE	FALSE	FALSE	TRUE	FALSE	FALSE	FALSE	FALSE	FALSE	TRUE	FALSE	FALSE	FALSE	FALSE	TRUE	FALSE	FALSE	FALSE	TRUE	TRUE	TRUE	FALSE	TRUE	FALSE	FALSE	FALSE
R_H2_S1_itr_bin.27	0.5	0	1	0.38461538461538464	0.25	0.7777777777777778	0.6	0.14285714285714285	0	0.5714285714285714	0.5714285714285714	0.8	0.8181818181818182	0	0	0.9285714285714286	0	0	1	0.2222222222222222	1	0.6666666666666666	0.6666666666666666	0	0	0.13333333333333333	1	0.75	0	1	0	0	FALSE	FALSE	FALSE	FALSE	FALSE	FALSE	FALSE	FALSE	FALSE	FALSE	TRUE	FALSE	FALSE	FALSE	FALSE	FALSE	FALSE	FALSE	FALSE	FALSE	TRUE	FALSE	FALSE	FALSE	FALSE	FALSE	FALSE	FALSE	FALSE	FALSE	FALSE	FALSE	FALSE	FALSE	FALSE	FALSE	FALSE	FALSE	TRUE	FALSE	FALSE	FALSE	FALSE	TRUE	FALSE	FALSE	FALSE	FALSE	FALSE	TRUE	FALSE	FALSE	FALSE	FALSE	FALSE	FALSE	FALSE	FALSE	TRUE	TRUE	TRUE	FALSE	TRUE	FALSE	FALSE	FALSE
R_H2_S1_prok_bin.92	0	0	1	0.46153846153846156	0.75	0.6666666666666666	0.8	0.071428571	0.375	1	0.42857142857142855	0.7	0.6363636363636364	0.090909091	0	1	0	0	0.75	0.1	0.3333333333333333	0.6666666666666666	0.6666666666666666	0.3333333333333333	0	0.13333333333333333	1	0	0	0.875	0	0	FALSE	FALSE	TRUE	TRUE	FALSE	FALSE	FALSE	FALSE	FALSE	FALSE	FALSE	FALSE	FALSE	FALSE	FALSE	FALSE	FALSE	FALSE	TRUE	FALSE	TRUE	TRUE	FALSE	FALSE	FALSE	FALSE	FALSE	FALSE	TRUE	FALSE	FALSE	FALSE	FALSE	FALSE	FALSE	FALSE	FALSE	FALSE	FALSE	FALSE	FALSE	FALSE	FALSE	FALSE	FALSE	FALSE	FALSE	FALSE	FALSE	TRUE	FALSE	FALSE	FALSE	FALSE	TRUE	FALSE	FALSE	FALSE	TRUE	FALSE	TRUE	FALSE	FALSE	FALSE	FALSE	FALSE
R_H3_S2_bin.74	0	0	1	0.38461538461538464	1	0.8888888888888888	0.8	0.14285714285714285	0	0.8571428571428571	0.14285714285714285	0.6	0.7272727272727273	0	0	0.5833333333333334	0	0	1	0.3	1	0.6666666666666666	0.6666666666666666	1	0	0.2	1	1	0	1	0	0	FALSE	FALSE	TRUE	FALSE	FALSE	FALSE	FALSE	FALSE	FALSE	FALSE	FALSE	FALSE	FALSE	FALSE	FALSE	FALSE	FALSE	FALSE	FALSE	FALSE	TRUE	TRUE	FALSE	FALSE	FALSE	FALSE	FALSE	FALSE	FALSE	FALSE	FALSE	FALSE	FALSE	FALSE	FALSE	FALSE	FALSE	FALSE	TRUE	FALSE	FALSE	FALSE	FALSE	TRUE	FALSE	FALSE	FALSE	FALSE	FALSE	TRUE	FALSE	FALSE	FALSE	FALSE	TRUE	FALSE	FALSE	TRUE	TRUE	TRUE	FALSE	FALSE	FALSE	FALSE	FALSE	FALSE
R_L3_S3_bin.77	0.25	0	0.875	0.5384615384615384	0.75	1	0.8	0.14285714285714285	0.125	1	0.42857142857142855	0.6	0.9090909090909091	0	0	1	0	0	0.75	0	1	0.6666666666666666	0.6666666666666666	0	0	0.13333333333333333	1	0	0	1	0	0	FALSE	FALSE	TRUE	TRUE	FALSE	FALSE	FALSE	FALSE	FALSE	FALSE	TRUE	FALSE	FALSE	FALSE	FALSE	FALSE	FALSE	FALSE	TRUE	FALSE	TRUE	FALSE	FALSE	FALSE	FALSE	FALSE	FALSE	FALSE	FALSE	FALSE	FALSE	FALSE	FALSE	FALSE	FALSE	FALSE	FALSE	FALSE	TRUE	FALSE	FALSE	FALSE	FALSE	FALSE	FALSE	FALSE	FALSE	FALSE	FALSE	TRUE	FALSE	FALSE	FALSE	FALSE	FALSE	TRUE	FALSE	FALSE	TRUE	TRUE	FALSE	FALSE	FALSE	FALSE	FALSE	FALSE
R_L3_S3_itr_bin.51	0.25	0	1	0.38461538461538464	0.5	1	1	0.21428571428571427	0.125	1	0.14285714285714285	0.8	0.8181818181818182	0	0	1	0	0	1	0	1	0.6666666666666666	0.6666666666666666	0	0	0.13333333333333333	1	0	0	0.75	0	0	FALSE	FALSE	TRUE	FALSE	FALSE	FALSE	FALSE	FALSE	FALSE	FALSE	TRUE	FALSE	FALSE	FALSE	FALSE	FALSE	FALSE	FALSE	FALSE	FALSE	TRUE	FALSE	FALSE	FALSE	FALSE	FALSE	FALSE	FALSE	FALSE	FALSE	FALSE	FALSE	FALSE	FALSE	FALSE	FALSE	FALSE	FALSE	TRUE	FALSE	FALSE	FALSE	FALSE	TRUE	FALSE	FALSE	FALSE	FALSE	FALSE	TRUE	FALSE	FALSE	FALSE	TRUE	FALSE	FALSE	FALSE	FALSE	TRUE	TRUE	TRUE	FALSE	FALSE	FALSE	FALSE	FALSE
R_co2H2_bin.51	0	0	1	0.3076923076923077	0.75	0.8888888888888888	0.8	0.071428571	0	1	0.14285714285714285	0.9	0.8181818181818182	0	0	1	0	0	0.75	0.1	0.3333333333333333	0.6666666666666666	0.6666666666666666	0.3333333333333333	0	0.13333333333333333	1	0	0	1	0	0	FALSE	FALSE	TRUE	TRUE	FALSE	FALSE	FALSE	FALSE	FALSE	FALSE	TRUE	FALSE	FALSE	TRUE	FALSE	FALSE	FALSE	FALSE	TRUE	FALSE	TRUE	TRUE	TRUE	FALSE	FALSE	FALSE	FALSE	FALSE	FALSE	FALSE	FALSE	FALSE	FALSE	FALSE	FALSE	FALSE	FALSE	FALSE	FALSE	FALSE	FALSE	FALSE	FALSE	TRUE	FALSE	FALSE	FALSE	FALSE	FALSE	TRUE	FALSE	FALSE	FALSE	FALSE	TRUE	FALSE	FALSE	FALSE	FALSE	TRUE	TRUE	FALSE	FALSE	FALSE	FALSE	FALSE
R_co2H3_bin.271	0	0	1	0.3076923076923077	1	0.7777777777777778	0.8	0.14285714285714285	0	1	0.42857142857142855	0.7	0.6363636363636364	0	0	1	0	0	0.5	0.3	1	0.6666666666666666	0.6666666666666666	0	0	0.2	1	1	0	1	0	0	FALSE	FALSE	TRUE	TRUE	FALSE	FALSE	FALSE	FALSE	FALSE	FALSE	FALSE	FALSE	FALSE	FALSE	FALSE	FALSE	FALSE	FALSE	TRUE	FALSE	TRUE	FALSE	FALSE	FALSE	FALSE	FALSE	FALSE	FALSE	FALSE	FALSE	FALSE	FALSE	FALSE	FALSE	FALSE	FALSE	FALSE	FALSE	FALSE	FALSE	FALSE	FALSE	FALSE	FALSE	FALSE	FALSE	FALSE	FALSE	FALSE	TRUE	FALSE	FALSE	FALSE	TRUE	FALSE	FALSE	FALSE	FALSE	FALSE	FALSE	FALSE	FALSE	FALSE	FALSE	FALSE	FALSE
R_co2H3_prok_bin.194	0.25	0	1	0.46153846153846156	0.75	1	1	0.14285714285714285	0.125	1	0.14285714285714285	0.8	0.7272727272727273	0	0	1	0	0	1	0	0.6666666666666666	0.6666666666666666	0.6666666666666666	0	0	0.13333333333333333	1	0	0	0.625	0	0	FALSE	FALSE	TRUE	TRUE	FALSE	FALSE	FALSE	FALSE	FALSE	FALSE	TRUE	FALSE	FALSE	FALSE	FALSE	FALSE	FALSE	FALSE	TRUE	FALSE	TRUE	TRUE	FALSE	FALSE	FALSE	FALSE	FALSE	FALSE	FALSE	FALSE	FALSE	FALSE	FALSE	FALSE	FALSE	FALSE	FALSE	FALSE	TRUE	FALSE	FALSE	FALSE	FALSE	TRUE	FALSE	FALSE	FALSE	FALSE	FALSE	TRUE	FALSE	FALSE	FALSE	TRUE	TRUE	FALSE	FALSE	FALSE	TRUE	TRUE	TRUE	FALSE	FALSE	FALSE	FALSE	FALSE